Player,Age,Position,Matches Played,Start,Minutes,Goals,Assists,Penalties Made,Yellow Cards,Red Cards,Shots,Shots On Target,Shots On Target %,Goals Per Shot,Goals Per Shot On Target,Average Shot Distance,Shots From Freekicks,Passes Completed,Passes,Pass Completion %,Total Passing Distance,Progressive Passing Distance,Shot-Creating Actions,Shot-Creating Actions/90,SCA Pass Live,SCA Pass Dead,SCA Take-ons,SCA Shots,SCA Fouls,SCA Defense,Goal-Creating Actions,Goal-Creating Actions/90,Goal Pass Live,Goal Pass Dead,Goal Take-ons,Goal Shots,Goal Fouls,Goal Defense,Tackles,Tackles Won,Challenges,Successful Challenge %,Blocks,Interceptions,Tackles + Interceptions,Clearances,Errors
Donnarumma Gianluigi,23,GK,38,38,"3,409",0,0,0,3,0,0,0,,,,,0,811,935,86.7,16498,10725,1,0.03,1,0,0,0,0,0,0,0.00,0,0,0,0,0,0,1,0,1,50.0,0,0,1,12,4
Messi Lionel,35,"FW,MF",32,32,"2,837",16,16,0,0,0,129,55,42.6,0.12,0.29,18.3,20,1641,2050,80.0,25475,8767,197,6.25,128,30,18,10,9,2,35,1.11,27,2,3,1,2,0,26,18,11,40.7,11,2,28,0,0
Mbappé Kylian,23,FW,34,32,"2,818",29,5,3,6,0,144,73,50.7,0.18,0.36,15.9,1,1096,1355,80.9,14622,3137,143,4.57,96,3,19,15,10,0,23,0.73,12,0,4,5,2,0,10,4,5,31.3,5,5,15,6,0
Ramos Sergio,36,DF,33,31,"2,704",2,1,0,3,1,19,7,36.8,0.11,0.29,14.6,1,2394,2535,94.4,46077,15119,21,0.70,16,0,0,2,3,0,1,0.03,1,0,0,0,0,0,34,26,23,52.3,29,34,68,93,3
Marquinhos,28,DF,33,30,"2,717",2,0,0,4,0,18,4,22.2,0.11,0.50,9.2,0,2068,2175,95.1,35716,12062,19,0.63,15,1,0,3,0,0,2,0.07,2,0,0,0,0,0,33,25,18,69.2,43,23,56,83,2
Vitinha,22,MF,36,29,"2,446",2,3,0,3,0,31,11,35.5,0.06,0.18,20.5,0,1786,1945,91.8,26148,5772,73,2.69,63,2,0,4,2,2,10,0.37,8,0,0,1,1,0,58,25,27,32.5,27,25,83,15,0
Pereira Danilo,30,"DF,MF",33,27,"2,410",2,0,0,3,0,22,5,22.7,0.09,0.40,12.7,0,1950,2068,94.3,32419,10970,23,0.86,19,0,0,2,1,1,2,0.07,2,0,0,0,0,0,32,17,19,73.1,26,36,68,59,1
Verratti Marco,29,MF,29,27,"2,194",0,0,0,10,1,8,4,50.0,0.00,0.00,17.8,0,2383,2573,92.6,36470,12516,83,3.41,78,2,1,1,0,1,9,0.37,8,0,0,0,0,1,76,49,38,42.7,42,27,103,11,3
Hakimi Achraf,23,"DF,MF",28,23,"2,053",5,3,0,7,2,18,9,50.0,0.28,0.56,14.9,0,1373,1538,89.3,17560,4800,75,3.29,64,1,4,2,2,2,9,0.39,5,0,1,1,1,1,54,34,31,52.5,34,16,70,19,0
Ruiz Peña Fabián,26,MF,27,21,"1,892",3,2,0,0,0,26,9,34.6,0.12,0.33,18.2,0,1614,1763,91.5,24039,6080,41,1.95,37,0,1,2,0,1,6,0.29,6,0,0,0,0,0,62,28,43,54.4,24,18,80,23,1
Bernat Juan,29,"DF,MF",28,18,"1,648",1,4,0,1,0,7,6,85.7,0.14,0.17,11.4,0,969,1049,92.4,13422,3011,37,2.02,35,0,2,0,0,0,6,0.33,6,0,0,0,0,0,32,16,21,53.8,11,9,41,22,1
Mendes Nuno,20,DF,23,18,"1,548",1,6,0,2,0,10,7,70.0,0.10,0.14,13.7,0,793,932,85.1,11300,3442,45,2.62,39,0,4,1,0,1,7,0.41,7,0,0,0,0,0,45,30,30,73.2,19,17,62,18,0
Neymar,30,"MF,FW",20,18,"1,545",13,11,2,6,1,36,18,50.0,0.31,0.61,16.8,6,1011,1262,80.1,14702,5435,105,6.11,75,12,2,6,10,0,16,0.93,11,3,0,1,1,0,22,14,9,47.4,7,4,26,1,1
Soler Carlos,25,MF,26,14,"1,187",3,2,0,0,0,10,6,60.0,0.30,0.50,15.2,0,544,641,84.9,7564,1756,34,2.58,26,2,0,2,4,0,8,0.61,7,0,0,0,1,0,20,12,10,52.6,12,4,24,6,0
Ekitike Hugo,20,FW,25,12,"1,155",3,4,0,0,0,34,12,35.3,0.09,0.25,14.8,0,271,331,81.9,3321,391,33,2.57,25,0,3,2,3,0,7,0.55,6,0,1,0,0,0,12,4,4,33.3,12,9,21,3,0
Mukiele Nordi,24,DF,19,12,"1,137",0,3,0,0,0,11,2,18.2,0.00,0.00,11.6,0,585,674,86.8,8570,2494,20,1.58,16,0,1,2,1,0,5,0.40,4,0,0,1,0,0,31,23,19,65.5,22,14,45,16,0
Kimpembe Presnel,26,DF,11,9,730,0,0,0,3,0,4,0,0.0,0.00,,6.3,0,471,503,93.6,7240,2911,2,0.25,2,0,0,0,0,0,0,0.00,0,0,0,0,0,0,17,8,9,69.2,12,13,30,9,1
Zaire-Emery Warren,16,"MF,DF",26,8,929,2,0,0,1,0,9,4,44.4,0.22,0.50,17.1,0,571,624,91.5,7791,1610,21,2.03,19,0,0,1,0,1,1,0.10,1,0,0,0,0,0,17,10,8,27.6,11,12,29,17,0
Sanches Renato,24,MF,23,6,717,2,0,0,1,0,14,6,42.9,0.14,0.33,17.9,0,608,669,90.9,9958,2377,19,2.39,15,1,0,3,0,0,1,0.13,0,0,0,1,0,0,8,1,5,35.7,13,9,17,4,0
Chadaille Bitshiabu El,17,DF,13,6,583,0,0,0,2,0,0,0,,,,,0,430,465,92.5,7453,2477,3,0.46,3,0,0,0,0,0,0,0.00,0,0,0,0,0,0,10,7,3,25.0,9,9,19,13,3
Pembele Timothee,19,DF,5,4,263,0,1,0,0,0,3,1,33.3,0.00,0.00,16.3,0,71,89,79.8,939,189,4,1.37,3,0,1,0,0,0,1,0.34,1,0,0,0,0,0,5,5,2,50.0,2,4,9,2,0
Sarabia Pablo,30,"FW,MF",14,3,370,0,0,0,1,0,6,2,33.3,0.00,0.00,10.4,0,147,187,78.6,2118,609,19,4.61,12,6,0,0,1,0,1,0.24,1,0,0,0,0,0,5,4,1,14.3,3,2,7,0,0
Gharbi Ismaël,18,"MF,FW",6,0,58,0,0,0,1,0,3,1,33.3,0.00,0.00,21.3,0,32,36,88.9,320,45,2,3.10,0,0,1,0,1,0,0,0.00,0,0,0,0,0,0,0,0,0,0.0,2,3,3,0,0
Paredes Leandro,28,MF,3,0,52,0,1,0,0,0,0,0,,,,,0,68,70,97.1,1060,325,4,6.92,4,0,0,0,0,0,1,1.73,1,0,0,0,0,0,1,1,1,100.0,2,1,2,0,0
Housni Ilyes,17,FW,1,0,11,0,0,0,0,0,0,0,,,,,0,3,3,100.0,37,0,0,0.00,0,0,0,0,0,0,0,0.00,0,0,0,0,0,0,1,1,1,100.0,0,0,1,0,0
Samba Brice,28,GK,37,37,"3,330",0,0,0,3,0,0,0,,,,,0,938,1237,75.8,25038,16717,3,0.08,3,0,0,0,0,0,0,0.00,0,0,0,0,0,0,1,0,1,50.0,1,0,1,12,2
Danso Kevin,23,DF,37,37,"3,232",1,2,0,7,1,24,4,16.7,0.04,0.25,14.9,0,2103,2336,90.0,39503,14272,41,1.14,38,0,1,0,2,0,5,0.14,4,0,0,0,1,0,37,19,19,63.3,48,33,70,124,0
Fofana Seko,27,MF,35,34,"3,073",7,5,1,2,0,82,22,26.8,0.07,0.27,19.9,0,1590,1820,87.4,25744,5048,94,2.75,78,0,7,2,5,2,13,0.38,10,0,2,0,1,0,28,13,15,38.5,17,19,47,14,0
Sotoca Florian,31,"MF,FW",38,34,"3,054",7,9,1,4,0,86,29,33.7,0.07,0.21,15.6,0,1172,1536,76.3,20095,5544,135,3.98,110,0,3,13,6,3,21,0.62,19,0,0,1,1,0,39,19,15,37.5,41,29,68,51,0
Abdul Samed Salis,22,MF,33,33,"2,894",1,1,0,6,1,13,4,30.8,0.08,0.25,19.1,0,1819,1981,91.8,28679,7020,50,1.55,43,0,2,2,2,1,1,0.03,1,0,0,0,0,0,46,26,29,55.8,38,36,82,26,0
Gradit Jonathan,29,DF,33,33,"2,823",1,3,0,7,0,5,1,20.0,0.20,1.00,14.1,0,1875,2093,89.6,34040,12990,49,1.56,40,1,1,0,4,3,8,0.25,8,0,0,0,0,0,62,40,31,58.5,40,38,100,83,0
Medina Facundo,23,DF,32,32,"2,779",2,4,0,7,0,18,4,22.2,0.11,0.50,13.9,0,2260,2506,90.2,37270,14504,46,1.49,40,2,0,4,0,0,6,0.19,4,1,0,1,0,0,31,20,13,37.1,25,26,57,62,1
Frankowski Przemysław,27,"DF,MF",37,31,"2,833",5,3,3,4,0,28,6,21.4,0.07,0.33,22.1,2,1364,1828,74.6,23191,8259,123,3.91,69,44,3,3,2,2,12,0.38,8,4,0,0,0,0,77,51,39,48.8,38,41,118,42,2
Openda Loïs,22,FW,38,29,"2,517",21,4,1,2,0,103,49,47.6,0.19,0.41,13.1,0,297,443,67.0,4347,944,67,2.40,39,1,10,10,6,1,12,0.43,6,0,3,3,0,0,11,9,2,15.4,9,2,13,6,0
Machado Deiver,28,"DF,MF",33,26,"2,184",4,3,0,5,1,18,7,38.9,0.22,0.57,19.3,1,719,875,82.2,11319,3207,42,1.73,26,4,2,0,8,2,6,0.25,3,2,0,0,0,1,45,26,21,61.8,21,21,66,27,0
Haïdara Massadio,29,"DF,MF",36,17,"1,671",0,1,0,5,0,13,0,0.0,0.00,,11.6,0,843,996,84.6,13642,4334,18,0.97,15,0,1,0,1,1,3,0.16,1,0,0,0,1,1,24,16,12,50.0,26,36,60,39,1
Costa David Pereira,21,"MF,FW",31,16,"1,407",1,3,0,2,0,26,7,26.9,0.04,0.14,17.6,3,615,761,80.8,9640,2690,63,4.02,51,1,6,3,1,1,7,0.45,6,0,1,0,0,0,13,7,7,36.8,19,11,24,6,0
Thomasson Adrien,28,"MF,FW",20,16,"1,278",5,5,0,1,0,21,9,42.9,0.24,0.56,14.5,0,440,559,78.7,6769,1554,42,2.96,37,1,0,2,1,1,9,0.63,8,0,0,0,1,0,24,17,12,26.7,25,4,28,17,0
Fulgini Angelo,25,"MF,FW",17,12,858,1,1,0,0,0,12,8,66.7,0.08,0.13,15.7,0,380,501,75.8,5810,1938,45,4.72,23,17,2,2,1,0,4,0.42,3,1,0,0,0,0,14,7,5,35.7,11,8,22,2,0
Onana Jean,22,"MF,DF",21,9,810,0,0,0,3,0,8,3,37.5,0.00,0.00,23.1,0,412,478,86.2,6872,1606,12,1.33,9,0,0,2,0,1,0,0.00,0,0,0,0,0,0,28,17,10,45.5,15,18,46,20,0
Saïd Wesley,27,"FW,MF",21,6,644,5,0,0,2,0,27,10,37.0,0.19,0.50,14.5,0,155,195,79.5,2247,565,23,3.21,11,0,9,3,0,0,3,0.42,0,0,2,1,0,0,4,1,2,33.3,4,1,5,2,0
Claude-Maurice Alexis,24,"MF,FW",20,5,604,5,3,0,0,0,14,9,64.3,0.36,0.56,16.6,0,201,240,83.8,2708,541,15,2.23,9,1,2,2,0,1,3,0.45,2,0,1,0,0,0,14,9,6,37.5,6,2,16,1,0
Cabot Jimmy,28,"DF,MF",11,5,511,0,1,0,2,0,5,1,20.0,0.00,0.00,17.0,0,261,346,75.4,4629,1527,31,5.45,23,7,0,0,0,1,1,0.18,1,0,0,0,0,0,20,12,12,46.2,5,4,24,12,0
Poręba Łukasz,22,MF,10,3,260,0,1,0,1,0,3,0,0.0,0.00,,17.1,0,116,143,81.1,1866,539,9,3.10,8,0,0,0,0,1,2,0.69,1,0,0,0,0,1,5,4,2,66.7,3,4,9,2,0
Le Cardinal Julien,24,DF,8,2,165,0,0,0,0,0,5,2,40.0,0.00,0.00,9.6,0,90,121,74.4,1556,466,7,3.82,4,1,0,1,1,0,0,0.00,0,0,0,0,0,0,6,4,4,66.7,3,2,8,5,0
Leca Jean-Louis,36,GK,1,1,90,0,0,0,0,0,0,0,,,,,0,32,39,82.1,953,690,0,0.00,0,0,0,0,0,0,0,0.00,0,0,0,0,0,0,0,0,0,,0,0,0,0,1
Labeau Lascary Rémy,19,"FW,MF",10,0,123,0,0,0,0,0,3,1,33.3,0.00,0.00,15.9,0,23,29,79.3,383,126,1,0.74,1,0,0,0,0,0,0,0.00,0,0,0,0,0,0,4,2,0,,4,1,5,0,0
Buksa Adam,26,"FW,MF",8,0,101,0,0,0,0,0,0,0,,,,,0,15,24,62.5,245,53,1,0.89,1,0,0,0,0,0,0,0.00,0,0,0,0,0,0,1,0,0,0.0,0,0,1,0,0
Boura Ismaëlben,21,"DF,FW",9,0,93,0,0,0,0,0,2,1,50.0,0.00,0.00,28.6,0,47,64,73.4,670,236,2,1.94,1,0,1,0,0,0,0,0.00,0,0,0,0,0,0,6,4,5,83.3,2,2,8,3,0
Ganago Ignatius,23,FW,4,0,59,0,0,0,0,0,1,0,0.0,0.00,,23.1,0,10,11,90.9,204,74,0,0.00,0,0,0,0,0,0,0,0.00,0,0,0,0,0,0,0,0,0,,0,0,0,1,0
Rongier Valentin,27,MF,36,34,"3,032",1,2,0,8,0,22,4,18.2,0.05,0.25,20.0,0,1855,2109,88.0,31535,9032,72,2.14,64,0,3,1,1,3,5,0.15,4,0,0,0,0,1,93,59,41,53.2,50,54,147,38,1
López Pau,27,GK,33,32,"2,925",0,2,0,3,0,0,0,,,,,0,877,1116,78.6,23244,14324,6,0.18,4,2,0,0,0,0,2,0.06,1,1,0,0,0,0,0,0,0,0.0,0,0,0,5,1
Mbemba Chancel,27,DF,36,32,"2,849",5,0,0,2,0,27,9,33.3,0.19,0.56,11.0,0,1441,1742,82.7,26456,7943,36,1.14,32,0,0,3,1,0,1,0.03,1,0,0,0,0,0,43,26,22,71.0,25,42,85,89,0
Sánchez Alexis,33,"FW,MF",35,32,"2,679",14,3,2,3,0,63,29,46.0,0.19,0.41,15.2,5,681,934,72.9,11500,2775,116,3.90,87,2,5,10,11,1,11,0.37,5,0,1,3,2,0,27,17,3,12.5,14,5,32,6,0
Clauss Jonathan,29,DF,34,32,"2,590",2,9,0,1,0,48,12,25.0,0.04,0.17,17.5,0,1091,1461,74.7,17647,6285,101,3.51,78,3,5,12,0,3,13,0.45,11,0,0,1,0,1,46,28,23,44.2,29,31,77,40,2
Veretout Jordan,29,MF,38,31,"2,863",4,3,1,4,0,30,9,30.0,0.10,0.33,20.5,1,1834,2148,85.4,35304,9959,82,2.58,51,16,3,7,0,5,9,0.28,2,4,1,1,0,1,56,35,25,47.2,22,36,92,40,2
Balerdi Leonardo,23,DF,35,30,"2,639",0,1,0,9,1,11,0,0.0,0.00,,10.2,0,1389,1656,83.9,27891,8035,13,0.44,9,0,1,3,0,0,2,0.07,1,0,0,1,0,0,57,37,32,71.1,48,63,120,91,1
Ünder Cengiz,25,"MF,DF",37,28,"2,490",5,4,1,3,0,70,23,32.9,0.06,0.17,17.1,2,778,1114,69.8,13245,4270,117,4.23,73,22,9,7,3,3,9,0.33,6,1,0,1,1,0,37,19,13,38.2,18,18,55,13,0
Kolašinac Sead,29,DF,33,26,"2,214",4,1,0,3,0,22,9,40.9,0.18,0.44,9.7,0,1135,1333,85.1,17773,4570,27,1.10,24,0,1,2,0,0,5,0.20,2,0,1,2,0,0,52,36,24,64.9,19,43,95,35,1
Guendouzi Mattéo,23,MF,33,25,"2,108",2,4,1,3,0,24,5,20.8,0.04,0.20,16.4,0,1094,1267,86.3,18942,5287,67,2.86,55,1,4,2,2,3,9,0.38,7,0,0,0,1,1,39,18,14,36.8,12,21,60,18,0
Gigot Samuel,28,DF,26,24,"1,879",2,2,0,5,2,12,3,25.0,0.17,0.67,8.0,0,985,1130,87.2,17488,5168,19,0.91,15,0,0,4,0,0,4,0.19,4,0,0,0,0,0,46,24,12,80.0,24,45,91,85,1
Tavares Nuno,22,"DF,MF",31,23,"2,349",6,0,0,6,1,65,17,26.2,0.09,0.35,19.4,0,1058,1367,77.4,16121,5639,66,2.53,47,1,7,9,2,0,5,0.19,0,0,2,3,0,0,56,30,28,50.9,32,15,71,25,0
Malinovskyi Ruslan,29,"MF,FW",20,13,"1,227",1,1,0,4,0,35,7,20.0,0.03,0.14,24.3,6,411,543,75.7,6846,1959,57,4.18,30,9,4,6,7,1,5,0.37,2,0,0,3,0,0,21,11,10,38.5,13,3,24,9,0
Kaboré Issa,21,DF,22,9,"1,028",1,0,0,1,0,8,3,37.5,0.13,0.33,16.2,0,436,567,76.9,6207,2017,35,3.06,30,1,3,0,1,0,1,0.09,1,0,0,0,0,0,33,19,21,65.6,11,12,45,21,1
Payet Dimitri,35,"MF,FW",24,9,835,4,3,1,0,0,27,7,25.9,0.11,0.43,20.6,1,386,520,74.2,7048,2234,53,5.72,33,11,6,1,2,0,6,0.65,2,2,1,0,1,0,6,4,3,30.0,4,0,6,4,0
Harit Amine,25,"MF,FW",10,6,515,0,0,0,1,0,6,3,50.0,0.00,0.00,18.7,0,221,271,81.5,3186,969,30,5.25,23,3,3,0,1,0,2,0.35,2,0,0,0,0,0,6,4,3,37.5,4,4,10,6,0
Blanco Rubén,27,GK,6,6,495,0,0,0,0,0,0,0,,,,,0,166,206,80.6,3744,2408,1,0.18,1,0,0,0,0,0,0,0.00,0,0,0,0,0,0,0,0,0,,0,0,0,1,0
Gerson,25,MF,10,6,417,2,0,0,1,0,9,6,66.7,0.22,0.33,15.8,0,150,185,81.1,2156,576,12,2.60,9,0,1,0,2,0,1,0.22,1,0,0,0,0,0,6,4,3,60.0,5,2,8,4,0
Bailly Eric,28,DF,17,5,543,0,0,0,1,0,3,0,0.0,0.00,,13.0,0,231,274,84.3,4679,1676,2,0.33,2,0,0,0,0,0,0,0.00,0,0,0,0,0,0,13,10,7,100.0,15,12,25,18,1
Vitinha,22,FW,14,5,464,2,0,0,0,0,25,9,36.0,0.08,0.22,12.6,0,77,109,70.6,1023,231,11,2.13,5,0,3,2,1,0,1,0.19,0,0,1,0,0,0,15,7,3,27.3,3,2,17,6,0
Gueye Pape,23,"MF,DF",14,4,492,1,1,0,1,0,8,4,50.0,0.13,0.25,16.8,0,271,320,84.7,4966,1291,10,1.83,10,0,0,0,0,0,1,0.18,1,0,0,0,0,0,18,7,7,46.7,9,9,27,2,0
Javier Suárez Luis,24,FW,7,2,293,3,1,0,1,0,16,7,43.8,0.19,0.43,12.6,0,53,78,67.9,904,263,7,2.14,5,0,1,1,0,0,2,0.61,1,0,0,1,0,0,4,1,1,25.0,1,3,7,6,0
Milik Arkadiusz,28,FW,2,2,129,0,0,0,1,0,1,0,0.0,0.00,,7.8,0,28,37,75.7,311,43,0,0.00,0,0,0,0,0,0,0,0.00,0,0,0,0,0,0,1,1,0,0.0,0,0,1,2,0
Dieng Bamba,22,"FW,MF",10,1,194,1,0,0,1,0,11,5,45.5,0.09,0.20,12.5,0,27,43,62.8,367,34,6,2.78,2,0,0,0,3,1,1,0.46,0,0,0,0,1,0,4,4,3,75.0,5,0,4,0,0
Ounahi Azzedine,22,"MF,FW",7,1,121,1,0,0,0,0,3,2,66.7,0.33,0.50,21.0,1,87,94,92.6,1264,252,5,3.72,1,0,2,1,1,0,2,1.49,0,0,2,0,0,0,2,1,0,0.0,1,0,2,0,0
Bourigeaud Benjamin,28,"MF,FW",37,37,"3,065",7,10,2,6,1,71,19,26.8,0.07,0.26,20.0,10,1505,2007,75.0,28664,9729,166,4.88,102,49,4,9,1,1,19,0.56,16,0,0,3,0,0,45,29,21,32.3,38,31,76,32,0
Theate Arthur,22,DF,35,35,"3,127",4,0,0,5,0,31,10,32.3,0.13,0.40,11.9,0,2296,2568,89.4,46250,15551,23,0.66,22,0,0,0,0,1,2,0.06,2,0,0,0,0,0,29,19,17,56.7,26,30,59,114,3
Mandanda Steve,37,GK,34,34,"3,014",0,1,0,1,0,0,0,,,,,0,919,1216,75.6,25001,17025,5,0.15,5,0,0,0,0,0,2,0.06,2,0,0,0,0,0,0,0,0,0.0,0,0,0,9,3
Gouiri Amine,22,"FW,MF",33,29,"2,523",15,3,0,4,0,74,30,40.5,0.20,0.50,13.6,0,588,742,79.2,8451,1576,93,3.32,72,0,9,9,2,1,11,0.39,8,0,3,0,0,0,42,25,14,42.4,21,12,54,10,0
Traoré Hamari,30,DF,31,28,"2,528",1,4,0,5,0,30,9,30.0,0.03,0.11,15.5,0,1541,1826,84.4,27185,8228,64,2.28,57,0,1,5,0,1,11,0.39,10,0,1,0,0,0,48,32,28,53.8,33,38,86,64,0
Truffert Adrien,20,DF,28,24,"1,954",0,6,0,1,0,10,3,30.0,0.00,0.00,21.3,0,1106,1395,79.3,17515,5252,51,2.35,40,3,3,3,2,0,8,0.37,7,1,0,0,0,0,62,32,31,67.4,32,22,84,55,0
Kalimuendo Arnaud,20,FW,30,24,"1,849",7,3,0,0,0,43,21,48.8,0.16,0.33,14.0,0,359,442,81.2,4715,790,35,1.70,24,0,1,6,3,1,6,0.29,5,0,0,1,0,0,15,8,5,25.0,15,2,17,9,0
Santamaria Baptiste,27,MF,25,20,"1,813",2,0,0,2,0,19,8,42.1,0.11,0.25,23.2,0,1119,1317,85.0,21674,5252,37,1.84,35,0,0,2,0,0,1,0.05,1,0,0,0,0,0,41,22,21,51.2,21,21,62,23,0
Tait Flavien,29,MF,30,19,"1,680",2,2,0,2,0,25,6,24.0,0.08,0.33,18.4,0,933,1087,85.8,16420,4480,59,3.16,45,0,6,3,1,4,7,0.37,5,0,2,0,0,0,30,15,19,45.2,16,20,50,12,0
Majer Lovro,24,"MF,FW",32,18,"1,668",2,5,1,3,0,33,11,33.3,0.03,0.09,20.4,5,758,976,77.7,13129,3666,79,4.26,53,8,3,6,8,1,6,0.32,3,2,0,0,1,0,34,23,8,27.6,21,21,55,5,1
Rodon Joe,24,DF,16,16,"1,417",1,0,0,2,1,7,2,28.6,0.14,0.50,6.9,0,945,1051,89.9,19753,5513,3,0.19,3,0,0,0,0,0,0,0.00,0,0,0,0,0,0,11,7,4,40.0,16,9,20,54,1
Terrier Martin,25,"FW,MF",16,16,"1,319",9,4,0,0,0,47,27,57.4,0.19,0.33,15.2,0,447,603,74.1,6794,1561,56,3.82,43,0,3,8,1,1,9,0.61,6,0,1,1,1,0,25,11,13,54.2,15,14,39,6,0
Omari Warmed,22,DF,16,15,"1,363",0,0,0,2,1,3,1,33.3,0.00,0.00,7.1,0,911,982,92.8,19205,5888,13,0.86,10,0,0,1,1,1,1,0.07,1,0,0,0,0,0,20,11,14,50.0,13,17,37,43,1
Ugochukwu Chimuanya,18,MF,26,14,"1,330",0,1,0,3,1,6,1,16.7,0.00,0.00,18.4,0,566,648,87.3,10531,2415,13,0.88,10,0,2,0,0,1,2,0.14,2,0,0,0,0,0,36,19,16,66.7,24,21,57,16,0
Doku Jeremy,20,"MF,FW",29,13,"1,291",6,2,0,0,0,26,12,46.2,0.23,0.50,15.7,0,433,521,83.1,6731,1455,81,5.65,52,1,22,2,3,1,10,0.70,1,0,7,1,1,0,25,16,12,50.0,10,5,30,2,0
Wooh Christopher,20,DF,13,12,"1,006",0,0,0,4,0,5,0,0.0,0.00,,8.9,0,569,618,92.1,12081,3249,4,0.36,2,0,0,1,1,0,2,0.18,1,0,0,0,1,0,16,7,9,81.8,11,6,22,49,0
Doué Désiré,17,"MF,FW",26,11,"1,115",3,1,0,5,0,21,6,28.6,0.14,0.50,21.0,0,351,453,77.5,6004,1339,35,2.82,23,3,3,1,3,2,2,0.16,2,0,0,0,0,0,37,18,13,40.6,17,13,50,3,0
Toko Ekambi Karl,29,"FW,MF",17,11,972,3,2,0,0,0,22,7,31.8,0.14,0.43,13.4,0,208,288,72.2,2928,599,25,2.32,18,0,2,2,2,1,6,0.56,3,0,1,1,0,1,3,1,3,33.3,5,9,12,3,0
Meling Birger,27,DF,27,10,"1,209",0,1,0,3,1,0,0,,,,,0,671,787,85.3,11341,3382,18,1.34,16,2,0,0,0,0,3,0.22,3,0,0,0,0,0,24,15,12,48.0,18,23,47,26,0
Spence Djed,21,DF,8,7,573,0,0,0,0,0,3,1,33.3,0.00,0.00,14.0,0,278,315,88.3,4201,891,11,1.73,7,0,4,0,0,0,0,0.00,0,0,0,0,0,0,14,6,11,61.1,10,4,18,15,0
Xeka,27,MF,8,6,552,0,0,0,1,0,5,0,0.0,0.00,,22.8,0,279,312,89.4,5221,1409,8,1.31,6,1,0,0,1,0,1,0.16,0,0,0,0,1,0,10,3,7,43.8,11,6,16,8,0
Belocian Jeanöel,17,DF,8,6,506,0,0,0,1,0,1,0,0.0,0.00,,19.3,0,274,308,89.0,4796,1397,3,0.53,3,0,0,0,0,0,0,0.00,0,0,0,0,0,0,10,7,5,55.6,6,6,16,11,0
Alemdar Doğan,19,GK,6,4,406,0,0,0,1,0,0,0,,,,,0,95,145,65.5,2786,2199,1,0.22,0,1,0,0,0,0,0,0.00,0,0,0,0,0,0,0,0,0,,0,0,0,1,1
Laborde Gaëtan,28,FW,4,3,249,2,0,0,0,0,11,6,54.5,0.18,0.33,13.2,0,41,61,67.2,623,128,10,3.61,6,0,1,3,0,0,1,0.36,0,0,0,1,0,0,1,1,0,0.0,1,0,1,1,0
Sulemana Kamaldeen,20,"FW,MF",14,2,326,1,0,0,1,0,13,3,23.1,0.08,0.33,17.6,0,127,155,81.9,2261,415,13,3.60,9,0,3,1,0,0,0,0.00,0,0,0,0,0,0,6,3,1,20.0,2,4,10,2,0
David Jonathan,22,FW,37,36,"3,166",24,4,10,6,0,95,44,46.3,0.15,0.32,15.8,0,716,875,81.8,9883,2246,116,3.30,84,0,6,13,11,2,13,0.37,9,0,0,2,2,0,24,17,10,37.0,20,8,32,13,0
Gomes Angel,21,MF,36,34,"2,816",2,6,1,8,0,55,17,30.9,0.02,0.06,23.2,4,1517,1767,85.9,26307,6952,89,2.84,62,9,7,2,8,1,15,0.48,12,1,1,0,1,0,41,19,18,36.7,22,13,54,11,1
André Benjamin,31,MF,34,33,"2,916",1,1,0,12,0,24,4,16.7,0.04,0.25,16.9,0,1942,2324,83.6,35130,11527,70,2.16,62,0,0,3,3,2,6,0.19,5,0,0,0,1,0,128,74,65,53.7,50,47,175,60,0
Chevalier Lucas,20,GK,32,32,"2,880",0,0,0,1,0,0,0,,,,,0,779,1010,77.1,17580,12052,5,0.16,5,0,0,0,0,0,0,0.00,0,0,0,0,0,0,2,1,2,100.0,1,2,4,7,2
Bamba Jonathan,26,FW,34,32,"2,783",6,7,0,6,0,71,28,39.4,0.08,0.21,15.5,0,1125,1405,80.1,15835,4358,106,3.43,89,2,5,8,2,0,14,0.45,11,0,0,3,0,0,37,17,14,31.1,36,22,59,14,0
Fonte José,38,DF,31,30,"2,592",1,0,0,7,0,14,2,14.3,0.07,0.50,12.3,0,1781,1979,90.0,33014,11617,16,0.56,13,0,0,2,1,0,2,0.07,1,0,0,1,0,0,23,17,10,47.6,27,25,48,112,2
Diakité Bafodé,21,DF,33,29,"2,653",3,0,0,6,0,19,6,31.6,0.16,0.50,11.4,0,1728,1944,88.9,27426,8364,36,1.22,28,2,1,3,1,1,0,0.00,0,0,0,0,0,0,54,35,32,56.1,37,17,71,58,0
Cabella Rémy,32,"MF,FW",32,28,"2,525",7,10,0,3,0,42,23,54.8,0.17,0.30,14.1,8,1397,1764,79.2,20670,6850,181,6.45,124,37,6,6,7,1,19,0.68,15,2,0,1,1,0,64,37,29,45.3,41,17,81,7,1
Djaló Tiago,22,DF,25,24,"2,017",2,0,0,7,0,15,4,26.7,0.13,0.50,12.7,0,1481,1599,92.6,25798,8970,10,0.45,8,0,0,1,1,0,3,0.13,2,0,0,0,1,0,31,21,13,65.0,17,23,54,60,1
Ismaily,32,DF,23,21,"1,779",2,1,0,0,0,13,6,46.2,0.15,0.33,17.4,0,938,1153,81.4,13089,4383,42,2.13,38,0,0,2,1,1,6,0.30,4,0,0,1,1,0,41,18,17,53.1,25,21,62,39,0
Weah Timothy,22,"DF,FW",29,18,"1,748",0,2,0,2,0,30,11,36.7,0.00,0.00,21.6,0,824,1003,82.2,13165,3454,44,2.26,34,0,3,5,2,0,3,0.15,2,0,0,1,0,0,24,14,16,55.2,17,23,47,18,0
Gomes André,29,MF,26,18,"1,629",3,2,0,6,0,18,5,27.8,0.17,0.60,21.2,0,1179,1334,88.4,20280,5925,40,2.21,36,1,1,2,0,0,5,0.28,4,0,0,1,0,0,37,19,19,36.5,20,9,46,16,1
Ribeiro Alexsandro,22,DF,21,16,"1,612",3,0,0,4,0,17,7,41.2,0.18,0.43,9.5,0,1148,1271,90.3,20522,8054,11,0.61,9,0,0,2,0,0,0,0.00,0,0,0,0,0,0,32,18,19,67.9,11,25,57,59,1
Ounas Adam,25,"FW,MF",21,12,"1,064",1,1,0,2,0,26,9,34.6,0.04,0.11,19.1,3,403,569,70.8,7134,2189,56,4.74,36,11,4,3,2,0,6,0.51,3,1,0,1,1,0,20,11,8,61.5,16,7,27,5,0
Zhegrova Edon,23,"FW,MF",22,11,"1,056",3,4,0,1,0,42,14,33.3,0.07,0.21,18.4,1,464,604,76.8,6909,2273,78,6.64,42,15,8,7,4,2,11,0.94,6,2,0,2,1,0,18,12,12,60.0,9,2,20,2,0
Gudmundsson Gabriel,23,"DF,FW",18,9,838,0,0,0,3,0,7,1,14.3,0.00,0.00,22.0,0,369,455,81.1,6058,1643,22,2.37,16,0,3,1,2,0,1,0.11,0,0,0,0,1,0,19,11,12,54.5,11,10,29,20,0
Yoro Leny,16,DF,13,8,769,0,0,0,0,0,2,0,0.0,0.00,,15.9,0,514,565,91.0,9564,2895,5,0.59,4,0,0,1,0,0,0,0.00,0,0,0,0,0,0,11,5,4,44.4,6,18,29,27,1
Lamine Bayo Mohamed,24,"FW,MF",27,6,651,4,1,0,1,0,22,10,45.5,0.18,0.40,10.4,0,81,129,62.8,980,241,26,3.59,13,0,5,5,2,1,3,0.41,1,0,1,1,0,0,3,3,0,0.0,3,0,3,1,0
César Jardim Leonardo,27,GK,6,6,540,0,0,0,0,0,0,0,,,,,,,,,,,,,,,,,,,,,,,,,,,,0,,,,0,,,
Baleba Carlos,18,MF,19,5,478,0,0,0,3,1,12,2,16.7,0.00,0.00,24.3,0,249,300,83.0,4837,877,11,2.07,7,0,1,1,2,0,2,0.38,0,0,0,0,2,0,13,11,9,64.3,13,1,14,3,2
Zedadka Akim,27,"DF,MF",8,4,354,1,0,0,1,0,3,1,33.3,0.33,1.00,15.3,0,185,222,83.3,3038,815,7,1.77,6,0,0,0,1,0,0,0.00,0,0,0,0,0,0,1,1,0,0.0,3,2,3,6,0
Yazıcı Yusuf,25,MF,4,3,200,1,1,0,0,0,5,2,40.0,0.20,0.50,19.0,0,73,96,76.0,1236,449,11,4.95,10,1,0,0,0,0,1,0.45,1,0,0,0,0,0,0,0,0,,2,0,0,1,0
Martin Jonas,32,MF,12,2,277,0,0,0,2,0,1,0,0.0,0.00,,7.6,0,193,229,84.3,3285,864,6,1.94,5,1,0,0,0,0,0,0.00,0,0,0,0,0,0,9,7,5,35.7,3,7,16,3,0
Virginius Alan,19,FW,15,1,258,1,0,0,1,0,12,5,41.7,0.08,0.20,14.4,0,58,75,77.3,823,192,8,2.78,4,0,0,3,1,0,1,0.35,0,0,0,1,0,0,3,2,0,0.0,0,2,5,1,0
Messoussa Amine,17,FW,1,0,1,0,0,0,0,0,0,0,,,,,0,0,0,,0,0,0,0.00,0,0,0,0,0,0,0,0.00,0,0,0,0,0,0,0,0,0,,0,0,0,0,0
Nübel Alexander,25,GK,38,38,"3,420",0,0,0,2,0,0,0,,,,,0,851,1141,74.6,25434,18986,8,0.21,6,2,0,0,0,0,1,0.03,1,0,0,0,0,0,0,0,0,0.0,0,1,1,10,3
Disasi Axel,24,DF,38,37,"3,330",3,3,0,3,0,28,9,32.1,0.11,0.33,15.4,0,1630,1957,83.3,32964,12826,26,0.70,22,1,0,2,0,1,6,0.16,5,0,0,1,0,0,30,20,13,48.1,51,56,86,112,2
Fofana Youssouf,23,MF,36,35,"3,086",2,2,0,4,2,42,10,23.8,0.05,0.20,22.9,1,1419,1738,81.6,24636,7618,78,2.27,68,0,6,0,2,2,11,0.32,9,0,0,0,1,1,81,41,38,51.4,50,56,137,32,1
Silva Caio Henrique Oliveira,25,DF,35,32,"2,896",1,9,0,3,0,10,6,60.0,0.10,0.17,21.1,2,1478,1963,75.3,24343,9841,96,2.98,63,28,2,1,1,1,14,0.44,7,6,0,0,1,0,74,51,44,57.9,28,26,100,68,1
Golovin Aleksandr,26,"MF,FW",34,29,"2,464",8,7,0,5,0,49,25,51.0,0.16,0.32,19.0,2,769,1099,70.0,12831,4245,121,4.42,79,24,8,3,5,2,14,0.51,10,1,3,0,0,0,62,36,28,38.9,28,37,99,10,0
Ben Yedder Wissam,31,FW,32,28,"2,114",19,6,5,4,0,66,36,54.5,0.21,0.39,14.2,3,449,605,74.2,6103,1335,56,2.38,36,1,5,7,5,2,13,0.55,8,0,0,3,1,1,16,9,4,30.8,15,4,20,0,0
Camara Mohamed,22,MF,29,25,"2,194",0,3,0,6,1,27,6,22.2,0.00,0.00,28.4,0,1119,1284,87.1,21268,5952,44,1.81,40,0,1,1,2,0,8,0.33,7,0,0,1,0,0,83,45,48,52.2,45,27,110,14,1
Maripán Guillermo,28,DF,26,25,"2,157",3,0,0,6,1,16,6,37.5,0.19,0.50,10.7,0,1015,1162,87.3,21435,7180,13,0.54,11,0,0,2,0,0,4,0.17,2,0,0,2,0,0,46,26,17,51.5,39,38,84,87,0
Vanderson,21,"DF,MF",31,24,"2,214",1,4,0,4,1,26,8,30.8,0.04,0.13,19.5,0,1039,1382,75.2,17816,6391,62,2.52,48,5,5,2,0,2,8,0.33,6,0,2,0,0,0,84,48,44,58.7,36,48,132,36,1
Diatta Krépin,23,"MF,FW",31,22,"2,072",4,2,0,3,0,40,18,45.0,0.10,0.22,15.2,0,581,771,75.4,8271,2607,68,2.95,44,1,8,7,5,3,7,0.30,2,0,0,1,3,1,30,21,13,40.6,29,17,47,12,0
Embolo Breel,25,FW,32,19,"1,859",12,2,0,3,0,40,20,50.0,0.30,0.60,10.9,0,307,448,68.5,4498,1110,63,3.05,42,0,6,8,6,1,10,0.48,5,0,1,3,1,0,15,9,5,50.0,14,5,20,12,0
Aguilar Ruben,29,DF,20,14,"1,172",0,0,0,3,0,4,2,50.0,0.00,0.00,17.5,0,696,847,82.2,10933,4515,18,1.38,14,1,0,1,1,1,2,0.15,2,0,0,0,0,0,19,9,8,36.4,13,18,37,28,1
Matazo Eliot,20,MF,23,13,"1,175",1,0,0,2,0,4,3,75.0,0.25,0.33,22.9,0,399,493,80.9,7648,1822,11,0.84,9,0,0,0,1,1,0,0.00,0,0,0,0,0,0,26,12,11,42.3,18,15,41,11,1
Ben Seghir Eliesse,17,"FW,MF",19,13,"1,052",4,1,0,1,0,21,8,38.1,0.19,0.50,18.6,0,342,436,78.4,4983,1280,29,2.48,23,0,2,1,3,0,2,0.17,2,0,0,0,0,0,18,10,4,33.3,18,4,22,1,0
Minamino Takumi,27,"MF,FW",18,10,724,1,3,0,2,0,22,8,36.4,0.05,0.13,16.4,1,168,259,64.9,2530,689,27,3.36,20,1,0,3,2,1,4,0.50,2,1,0,0,1,0,15,8,7,20.0,14,6,21,4,0
Jakobs Ismail,22,"DF,FW",32,9,"1,119",0,2,0,3,0,14,6,42.9,0.00,0.00,15.2,1,423,656,64.5,6246,2158,30,2.41,24,2,1,3,0,0,2,0.16,2,0,0,0,0,0,11,5,5,41.7,9,9,20,18,0
Badiashile Benoît,21,DF,11,9,839,2,0,0,3,0,5,3,60.0,0.40,0.67,16.0,0,403,468,86.1,8296,3424,4,0.43,2,0,0,2,0,0,0,0.00,0,0,0,0,0,0,10,8,5,50.0,9,17,27,40,1
Sarr Malang,23,DF,13,8,716,0,0,0,3,0,1,0,0.0,0.00,,12.5,0,460,517,89.0,9845,3187,8,1.01,8,0,0,0,0,0,1,0.13,1,0,0,0,0,0,6,3,1,20.0,11,15,21,29,2
Volland Kevin,30,"FW,MF",17,7,639,3,2,0,1,0,15,7,46.7,0.20,0.43,15.6,0,112,200,56.0,1719,722,18,2.54,16,1,0,0,1,0,4,0.56,3,0,0,0,1,0,8,4,2,25.0,8,2,10,0,0
Matsima Chrislain,20,DF,8,5,446,0,1,0,0,0,3,2,66.7,0.00,0.00,8.0,0,194,230,84.3,3565,1447,4,0.81,3,0,1,0,0,0,3,0.61,2,0,1,0,0,0,11,6,4,57.1,5,9,20,16,0
Akliouche Maghnes,20,"MF,FW",11,5,402,0,0,0,3,0,5,2,40.0,0.00,0.00,14.9,0,130,168,77.4,1613,498,9,2.01,9,0,0,0,0,0,0,0.00,0,0,0,0,0,0,7,4,2,25.0,2,3,10,2,0
Martins Gelson,27,"MF,FW",11,3,345,0,0,0,0,0,12,3,25.0,0.00,0.00,15.9,0,121,155,78.1,1651,377,15,3.91,11,0,1,2,1,0,1,0.26,1,0,0,0,0,0,15,8,4,30.8,4,3,18,2,0
Boadu Myron,21,FW,12,3,295,3,0,0,0,0,7,5,71.4,0.43,0.60,11.5,0,39,57,68.4,455,114,7,2.14,7,0,0,0,0,0,0,0.00,0,0,0,0,0,0,3,3,1,14.3,1,0,3,1,0
Lucas Jean,24,MF,6,3,291,0,0,0,0,0,5,3,60.0,0.00,0.00,18.3,0,134,154,87.0,2491,633,5,1.55,4,0,0,1,0,0,0,0.00,0,0,0,0,0,0,9,5,6,50.0,2,4,13,2,0
Diop Edan,17,"DF,FW",7,1,223,1,0,0,0,0,6,2,33.3,0.17,0.50,15.6,0,89,121,73.6,1431,396,7,2.83,7,0,0,0,0,0,0,0.00,0,0,0,0,0,0,13,8,7,46.7,7,4,17,1,0
Tagliafico Nicolás,29,DF,34,34,"2,991",1,3,0,5,0,23,5,21.7,0.04,0.20,16.8,0,1587,1883,84.3,24353,7754,59,1.78,46,7,0,3,2,1,5,0.15,4,1,0,0,0,0,91,53,50,64.1,45,57,148,47,0
Lacazette Alexandre,31,FW,35,34,"2,929",27,5,6,3,0,107,47,43.9,0.20,0.45,14.4,8,661,917,72.1,9241,2675,113,3.47,78,2,10,8,13,2,11,0.34,8,0,0,0,3,0,43,23,10,34.5,23,15,58,4,0
Lukeba Castello,19,DF,34,33,"2,986",2,0,0,9,1,13,5,38.5,0.15,0.40,10.2,0,2034,2257,90.1,37132,14125,17,0.51,17,0,0,0,0,0,3,0.09,3,0,0,0,0,0,39,23,21,67.7,42,75,114,105,1
Lopes Anthony,31,GK,32,32,"2,816",0,0,0,2,1,0,0,,,,,0,792,1026,77.2,20368,14374,1,0.03,1,0,0,0,0,0,1,0.03,1,0,0,0,0,0,1,0,1,25.0,0,3,4,10,0
Caqueret Maxence,22,MF,36,32,"2,767",4,7,0,2,0,26,13,50.0,0.15,0.31,19.1,3,1480,1785,82.9,23941,7380,118,3.84,80,20,7,4,5,2,15,0.49,11,1,1,1,0,1,87,54,43,39.4,45,39,126,27,0
Tolisso Corentin,27,MF,30,25,"2,036",1,2,0,3,0,30,9,30.0,0.03,0.11,23.0,0,1710,1950,87.7,31063,9727,83,3.67,67,4,0,7,4,1,8,0.35,6,0,0,2,0,0,44,27,25,37.9,25,24,68,23,1
Mendes Thiago,30,"MF,DF",31,22,"2,063",1,1,0,3,0,14,4,28.6,0.07,0.25,25.1,2,1445,1672,86.4,26348,9319,28,1.22,26,0,0,2,0,0,5,0.22,5,0,0,0,0,0,48,27,30,75.0,28,47,95,51,4
Diomande Sinaly,21,DF,24,22,"1,957",0,0,0,2,1,10,2,20.0,0.00,0.00,12.6,0,1257,1468,85.6,22048,7796,13,0.60,9,1,1,1,0,1,1,0.05,0,1,0,0,0,0,42,24,31,63.3,26,49,91,75,1
Lepenant Johann,19,MF,31,21,"1,933",1,2,0,4,0,19,1,5.3,0.05,1.00,23.8,0,1163,1301,89.4,19634,4333,35,1.63,26,0,0,4,3,2,4,0.19,2,0,0,1,1,0,58,34,32,37.2,29,28,86,17,3
Cherki Rayan,18,"MF,FW",34,21,"1,872",4,6,0,3,0,61,21,34.4,0.07,0.19,18.7,3,844,1094,77.1,13798,3601,128,6.15,81,22,19,5,1,0,16,0.77,12,1,1,2,0,0,14,8,8,34.8,6,5,19,1,0
Gusto Malo,19,DF,21,19,"1,595",0,1,0,1,0,7,3,42.9,0.00,0.00,20.9,0,1171,1437,81.5,18951,6105,50,2.82,42,2,4,0,2,0,2,0.11,2,0,0,0,0,0,42,26,21,48.8,22,28,70,23,1
Lovren Dejan,33,DF,17,17,"1,459",1,0,0,2,0,13,3,23.1,0.08,0.33,12.5,1,961,1096,87.7,18828,6015,10,0.62,6,0,0,4,0,0,0,0.00,0,0,0,0,0,0,25,19,20,69.0,20,26,51,70,1
Barcola Bradley,19,"FW,MF",26,15,"1,440",5,8,0,3,0,27,13,48.1,0.19,0.38,13.6,0,324,466,69.5,4152,1140,39,2.44,32,0,4,2,0,1,10,0.63,10,0,0,0,0,0,25,16,8,20.5,29,19,44,10,0
Toko Ekambi Karl,29,"FW,MF",19,15,"1,353",4,2,0,1,0,41,19,46.3,0.10,0.21,14.7,0,493,617,79.9,7979,1331,47,3.13,39,0,4,3,1,0,2,0.13,2,0,0,0,0,0,9,9,4,26.7,12,9,18,6,0
Kumbedi Sael,17,DF,20,14,"1,320",0,2,0,8,0,9,2,22.2,0.00,0.00,21.9,0,653,794,82.2,9708,2434,24,1.64,20,1,1,1,0,1,5,0.34,4,1,0,0,0,0,47,27,20,52.6,23,10,57,16,0
Tetê,22,"FW,MF",17,14,"1,107",6,2,0,3,0,30,13,43.3,0.20,0.46,16.5,1,378,499,75.8,5666,1276,30,2.44,20,4,2,3,1,0,7,0.57,4,0,1,1,1,0,21,10,10,52.6,9,13,34,2,0
Dembélé Moussa,26,"FW,MF",23,8,877,3,0,0,1,0,28,13,46.4,0.11,0.23,13.3,0,138,191,72.3,1752,364,14,1.44,12,0,1,0,0,1,2,0.21,2,0,0,0,0,0,8,4,4,57.1,5,2,10,6,0
Riou Rémy,34,GK,7,6,601,0,0,0,0,0,0,0,,,,,0,179,225,79.6,3959,3001,1,0.15,1,0,0,0,0,0,0,0.00,0,0,0,0,0,0,1,0,1,100.0,0,0,1,3,0
Sarr Amin,21,FW,13,6,537,1,1,0,0,0,6,5,83.3,0.17,0.20,12.7,0,104,142,73.2,1376,210,9,1.51,7,0,0,0,2,0,2,0.33,2,0,0,0,0,0,9,6,1,25.0,2,0,9,4,0
Aouar Houssem,24,MF,16,6,526,1,1,0,2,0,14,6,42.9,0.07,0.17,15.1,0,299,370,80.8,4682,1089,15,2.57,9,0,3,3,0,0,2,0.34,2,0,0,0,0,0,12,5,3,33.3,12,8,20,3,0
Boateng Jérôme,33,DF,8,6,428,0,0,0,0,0,0,0,,,,,0,179,223,80.3,3852,1320,2,0.42,2,0,0,0,0,0,0,0.00,0,0,0,0,0,0,3,0,2,33.3,8,6,9,16,0
Jefferson,22,FW,9,4,446,1,0,0,1,0,10,5,50.0,0.10,0.20,15.7,0,146,173,84.4,1802,399,19,3.83,12,0,3,0,4,0,3,0.61,2,0,0,0,1,0,17,4,6,40.0,6,1,18,0,0
Henrique,28,"DF,FW",7,3,356,0,1,0,0,0,1,0,0.0,0.00,,27.6,0,192,223,86.1,2975,704,3,0.76,2,0,0,0,1,0,1,0.25,1,0,0,0,0,0,9,4,6,46.2,3,5,14,8,0
Da Silva Damien,34,DF,7,3,338,0,0,0,2,0,2,0,0.0,0.00,,13.5,0,217,254,85.4,4247,1562,1,0.27,1,0,0,0,0,0,0,0.00,0,0,0,0,0,0,8,7,3,100.0,4,5,13,12,0
Faivre Romain,24,MF,10,3,300,0,1,0,0,0,5,2,40.0,0.00,0.00,23.6,0,145,170,85.3,2183,685,13,3.87,10,3,0,0,0,0,1,0.30,0,1,0,0,0,0,6,3,1,33.3,3,0,6,0,0
Diaw Mory,29,GK,37,37,"3,330",0,0,0,0,0,0,0,,,,,0,1034,1467,70.5,30947,21906,7,0.19,6,1,0,0,0,0,0,0.00,0,0,0,0,0,0,0,0,0,0.0,0,2,2,13,5
Wieteska Mateusz,25,DF,35,35,"3,117",0,1,0,7,1,16,5,31.3,0.00,0.00,8.6,0,1344,1631,82.4,25000,10745,20,0.58,15,0,1,3,1,0,3,0.09,0,0,0,2,1,0,41,23,19,57.6,44,56,97,97,4
Borges Neto,25,DF,33,33,"2,833",3,1,0,4,2,23,7,30.4,0.13,0.43,14.6,0,1163,1496,77.7,18327,6651,77,2.45,67,2,3,2,3,0,9,0.29,6,0,0,1,2,0,75,45,46,61.3,45,41,116,62,1
Gastien Johan,34,MF,31,29,"2,603",4,3,0,7,0,19,9,47.4,0.21,0.44,24.8,1,1743,2103,82.9,34446,11716,69,2.39,44,21,0,2,1,1,9,0.31,5,4,0,0,0,0,62,34,38,34.2,37,36,98,25,1
Seidu Alidu,22,DF,28,28,"2,458",0,0,0,10,1,6,2,33.3,0.00,0.00,32.6,0,1152,1375,83.8,20609,6267,23,0.84,15,0,1,1,4,2,1,0.04,1,0,0,0,0,0,52,31,31,60.8,28,52,104,50,2
Kyei Grejohn,26,FW,37,26,"2,232",10,3,4,3,0,54,19,35.2,0.11,0.32,17.5,0,376,527,71.3,5521,891,53,2.14,32,0,8,7,4,2,10,0.40,5,0,2,1,1,1,16,7,4,30.8,14,6,22,22,0
Rashani Elba,29,"MF,FW",32,26,"2,162",3,3,0,3,0,35,13,37.1,0.09,0.23,14.4,0,543,729,74.5,7569,1657,46,1.92,37,0,1,5,2,1,7,0.29,5,0,0,2,0,0,39,26,13,33.3,27,21,60,19,0
Magnin Yohann,25,MF,38,25,"2,399",0,0,0,6,0,17,1,5.9,0.00,0.00,19.8,0,1121,1337,83.8,18526,5540,47,1.76,39,0,1,1,2,4,3,0.11,3,0,0,0,0,0,89,54,54,50.9,50,25,114,46,0
Allevinah Jim,27,"DF,FW",36,25,"2,244",1,1,0,2,0,30,8,26.7,0.03,0.13,16.9,0,658,848,77.6,9331,2378,48,1.93,39,1,3,2,3,0,2,0.08,1,0,0,1,0,0,39,24,19,30.6,24,24,63,26,1
Caufriez Maximiliano,25,DF,26,25,"2,222",1,0,0,10,1,14,6,42.9,0.07,0.17,17.9,0,996,1126,88.5,17670,6475,12,0.49,11,0,0,1,0,0,1,0.04,1,0,0,0,0,0,40,24,20,71.4,33,34,74,70,0
Khaoui Saîf-Eddine,27,MF,34,23,"2,027",7,3,0,4,0,47,22,46.8,0.15,0.32,21.5,6,486,713,68.2,7402,2642,74,3.28,46,12,4,5,7,0,6,0.27,2,0,1,2,1,0,47,28,15,31.9,17,33,80,8,0
Saracevic Cham Muhammed,21,MF,38,23,"1,968",7,4,2,2,0,51,19,37.3,0.10,0.26,20.6,7,813,1038,78.3,12971,3167,68,3.11,49,8,2,5,4,0,7,0.32,6,0,1,0,0,0,30,15,13,37.1,13,7,37,5,0
Gonalons Maxime,33,MF,25,19,"1,449",1,0,0,3,0,6,2,33.3,0.17,0.50,22.6,0,736,835,88.1,13744,4112,21,1.31,20,0,1,0,0,0,1,0.06,1,0,0,0,0,0,52,32,25,47.2,21,20,72,7,1
Ogier Florent,33,DF,26,18,"1,701",0,1,0,4,0,2,0,0.0,0.00,,18.2,0,741,935,79.3,13955,6170,11,0.58,9,2,0,0,0,0,3,0.16,3,0,0,0,0,0,33,16,22,56.4,22,18,51,64,1
Andrić Komnen,27,FW,34,16,"1,446",4,3,1,4,0,28,11,39.3,0.11,0.27,14.4,0,320,428,74.8,4806,688,32,1.99,26,0,2,2,2,0,4,0.25,2,0,0,2,0,0,13,5,2,13.3,8,8,21,13,0
Bela Jérémie,29,"DF,MF",19,7,743,1,1,0,0,0,12,5,41.7,0.08,0.20,21.7,1,174,260,66.9,2397,917,10,1.21,7,0,1,1,1,0,3,0.36,1,0,1,0,1,0,6,4,3,75.0,10,9,15,8,0
Zeffane Mehdi,30,"DF,MF",18,7,658,1,1,0,1,0,8,2,25.0,0.13,0.50,20.1,0,201,273,73.6,3443,1009,15,2.05,12,1,1,0,1,0,1,0.14,1,0,0,0,0,0,12,7,4,19.0,14,22,34,12,0
Konaté Cheick,18,DF,9,6,572,0,0,0,2,0,3,0,0.0,0.00,,26.5,0,228,314,72.6,4007,1579,7,1.10,3,1,2,0,1,0,1,0.16,1,0,0,0,0,0,19,12,13,59.1,7,13,32,8,1
Maurer Aïman,17,MF,10,6,501,0,1,0,0,0,11,5,45.5,0.00,0.00,16.4,1,87,125,69.6,1442,365,13,2.33,8,2,1,1,1,0,1,0.18,1,0,0,0,0,0,2,1,1,10.0,1,3,5,5,0
Dossou Jodel,30,"MF,DF",9,2,258,1,0,0,0,0,6,3,50.0,0.17,0.33,16.7,0,39,59,66.1,552,196,5,1.74,4,0,0,1,0,0,0,0.00,0,0,0,0,0,0,7,4,4,100.0,2,1,8,0,0
Mendy Arial,27,DF,5,1,223,0,0,0,0,0,2,0,0.0,0.00,,20.6,0,82,120,68.3,1347,382,5,2.03,3,0,0,0,2,0,0,0.00,0,0,0,0,0,0,4,2,2,100.0,2,4,8,4,0
Djoco Ouparine,24,GK,1,1,90,0,0,0,0,0,0,0,,,,,0,26,40,65.0,516,382,0,0.00,0,0,0,0,0,0,0,0.00,0,0,0,0,0,0,0,0,0,,0,0,0,1,0
Diallo Baila,21,"DF,MF",6,0,89,0,0,0,0,0,1,0,0.0,0.00,,31.4,0,32,47,68.1,516,233,2,2.02,2,0,0,0,0,0,0,0.00,0,0,0,0,0,0,1,0,0,,1,0,1,1,0
Massolin Yanis,19,MF,6,0,60,0,0,0,0,0,1,0,0.0,0.00,,21.4,0,30,39,76.9,497,155,1,1.50,1,0,0,0,0,0,0,0.00,0,0,0,0,0,0,2,1,0,0.0,1,2,4,0,0
Baiye Brandon,21,MF,7,0,51,0,0,0,0,0,0,0,,,,,0,27,32,84.4,416,120,2,3.40,2,0,0,0,0,0,0,0.00,0,0,0,0,0,0,3,2,2,66.7,1,1,4,3,0
Dante,38,DF,37,37,"3,299",1,2,0,6,0,23,5,21.7,0.04,0.20,13.8,0,2376,2643,89.9,45941,18236,34,0.93,30,0,0,3,0,1,3,0.08,3,0,0,0,0,0,70,40,36,61.0,52,47,117,125,2
Schmeichel Kasper,35,GK,36,36,"3,240",0,0,0,0,0,0,0,,,,,0,918,1188,77.3,25553,18698,10,0.28,7,3,0,0,0,0,1,0.03,0,1,0,0,0,0,1,0,1,25.0,1,1,2,11,1
Todibo Jean-Clair,22,DF,34,33,"2,870",0,0,0,4,2,14,4,28.6,0.00,0.00,13.4,0,1931,2181,88.5,37579,14089,22,0.69,17,0,1,4,0,0,1,0.03,1,0,0,0,0,0,76,48,41,73.2,41,41,117,110,2
Thuram Khéphren,21,MF,35,30,"2,547",2,4,0,3,0,38,9,23.7,0.05,0.22,18.4,0,1155,1358,85.1,18557,4343,84,2.97,57,1,14,6,3,3,7,0.25,5,0,1,1,0,0,51,25,19,44.2,33,38,89,34,0
Laborde Gaëtan,28,FW,33,28,"2,506",13,3,0,0,0,74,39,52.7,0.18,0.33,15.7,1,471,714,66.0,6581,1639,76,2.73,56,8,6,6,0,0,12,0.43,6,0,4,2,0,0,45,25,18,45.0,27,9,54,13,0
Bard Melvin,21,DF,33,28,"2,456",0,0,0,6,0,7,2,28.6,0.00,0.00,15.4,0,1201,1505,79.8,18633,6326,30,1.10,27,2,1,0,0,0,0,0.00,0,0,0,0,0,0,96,60,59,66.3,35,64,160,40,1
Lotomba Jordan,23,DF,33,27,"2,453",0,2,0,4,0,13,5,38.5,0.00,0.00,19.8,0,1183,1412,83.8,17087,5822,55,2.02,44,4,1,2,2,2,5,0.18,5,0,0,0,0,0,65,38,31,64.6,38,32,97,53,0
Boudaoui Hicham,22,MF,27,22,"1,875",1,2,0,5,0,21,9,42.9,0.05,0.11,23.8,0,1081,1226,88.2,17025,4134,54,2.59,46,0,4,1,1,2,4,0.19,4,0,0,0,0,0,67,32,35,66.0,34,36,103,16,0
Ramsey Aaron,31,MF,27,18,"1,584",1,1,0,3,0,22,6,27.3,0.05,0.17,15.3,1,915,1088,84.1,16069,3809,62,3.52,42,14,0,5,1,0,4,0.23,2,1,0,0,1,0,47,25,16,41.0,25,17,64,18,1
Rosario Pablo,25,"MF,DF",31,17,"1,767",0,1,0,6,0,10,2,20.0,0.00,0.00,16.3,0,930,1049,88.7,16595,5260,42,2.14,34,3,3,1,1,0,2,0.10,1,0,0,1,0,0,46,26,18,52.9,15,23,69,32,1
Pépé Nicolas,27,"FW,MF",18,17,"1,495",6,0,3,2,0,46,17,37.0,0.07,0.18,17.6,2,558,694,80.4,8009,1739,56,3.31,34,12,2,4,4,0,6,0.35,0,2,1,1,2,0,25,13,11,44.0,17,3,28,1,0
Moffi Terem,23,FW,16,15,"1,328",6,3,0,2,0,44,18,40.9,0.14,0.33,14.9,0,186,232,80.2,2484,375,51,3.46,37,0,6,6,1,1,4,0.27,3,0,1,0,0,0,12,6,2,16.7,3,2,14,5,0
Diop Sofiane,22,"MF,FW",22,14,"1,228",1,4,0,1,0,28,9,32.1,0.04,0.11,20.0,1,556,703,79.1,8948,2261,57,4.18,37,8,5,3,2,2,8,0.59,5,1,0,2,0,0,23,11,7,35.0,14,16,39,5,0
Lemina Mario,28,"MF,DF",14,11,838,0,0,0,1,1,6,3,50.0,0.00,0.00,20.1,0,569,637,89.3,9544,2701,12,1.29,11,0,0,0,0,1,1,0.11,1,0,0,0,0,0,32,21,12,66.7,13,11,43,20,0
Barkley Ross,28,"MF,FW",27,9,960,4,2,0,1,0,38,17,44.7,0.11,0.24,19.7,3,391,497,78.7,6687,1994,51,4.92,30,13,6,2,0,0,5,0.48,2,1,2,0,0,0,16,9,7,53.8,7,8,24,6,0
Bouanani Badredine,17,"FW,MF",19,9,863,0,4,0,0,0,24,10,41.7,0.00,0.00,21.1,1,288,378,76.2,4811,1017,45,4.70,28,3,8,3,2,1,7,0.73,5,0,0,2,0,0,13,9,7,50.0,4,1,14,2,0
Delort Andy,30,FW,14,9,781,6,1,3,0,0,23,8,34.8,0.13,0.38,16.4,1,139,230,60.4,2109,558,21,2.42,19,0,0,2,0,0,2,0.23,2,0,0,0,0,0,2,0,1,50.0,0,1,3,7,0
Atal Youcef,26,"DF,MF",18,8,779,1,0,0,1,0,12,5,41.7,0.08,0.20,17.3,0,408,509,80.2,6228,1790,31,3.58,22,0,4,2,2,1,2,0.23,1,0,1,0,0,0,38,22,23,71.9,9,14,52,13,0
Viti Mattia,20,DF,9,7,634,1,0,0,0,0,2,1,50.0,0.50,1.00,7.8,0,303,360,84.2,5043,1569,2,0.28,2,0,0,0,0,0,1,0.14,1,0,0,0,0,0,4,2,2,40.0,9,8,12,22,0
Beka Beka Alexis,21,"MF,DF",14,7,545,0,0,0,2,0,9,3,33.3,0.00,0.00,24.5,1,236,303,77.9,3971,967,9,1.49,5,1,0,0,3,0,0,0.00,0,0,0,0,0,0,16,5,4,26.7,9,12,28,6,0
Mendy Antoine,18,DF,11,7,518,0,1,0,0,0,8,2,25.0,0.00,0.00,16.3,0,262,325,80.6,4265,1050,17,2.95,12,2,0,2,0,1,2,0.35,1,0,0,1,0,0,22,13,9,60.0,6,2,24,16,0
Ndayishimiye Youssouf,23,"MF,DF",10,6,568,1,0,0,2,0,8,4,50.0,0.13,0.25,18.2,0,337,374,90.1,6228,1553,8,1.27,6,0,1,1,0,0,1,0.16,1,0,0,0,0,0,13,9,6,54.5,8,12,25,22,1
Brahimi Bilal,22,"FW,MF",26,5,800,3,2,0,0,0,20,6,30.0,0.15,0.50,24.3,0,280,389,72.0,4139,916,32,3.60,25,2,3,0,2,0,2,0.23,2,0,0,0,0,0,8,5,1,14.3,4,4,12,0,0
Amraoui Ayoub,18,"DF,FW",7,3,294,0,0,0,1,0,1,0,0.0,0.00,,20.4,0,155,185,83.8,2237,638,4,1.22,4,0,0,0,0,0,0,0.00,0,0,0,0,0,0,6,5,2,40.0,1,4,10,4,0
Gouiri Amine,22,"FW,MF",3,3,226,0,0,0,0,0,5,2,40.0,0.00,0.00,12.5,0,53,74,71.6,736,116,7,2.79,4,1,0,1,1,0,1,0.40,0,0,0,0,1,0,1,1,0,0.0,1,0,1,3,0
Talbi Montassar,24,DF,38,38,"3,420",1,2,0,0,0,9,6,66.7,0.11,0.17,11.8,0,1753,1970,89.0,31264,10740,11,0.29,9,1,0,1,0,0,2,0.05,2,0,0,0,0,0,53,25,22,62.9,55,40,93,190,3
Le Goff Vincent,32,DF,37,37,"3,330",0,0,0,1,0,17,6,35.3,0.00,0.00,18.3,0,1702,2044,83.3,26725,11113,38,1.03,32,3,1,1,0,1,2,0.05,2,0,0,0,0,0,75,32,45,72.6,29,41,116,105,1
Le Fée Enzo,22,MF,35,35,"3,028",5,6,0,5,0,45,18,40.0,0.11,0.28,23.4,8,1708,2118,80.6,28806,9189,120,3.57,79,27,5,4,4,1,11,0.33,5,5,0,1,0,0,108,64,43,38.1,50,34,142,38,1
Kalulu Gedeon,24,DF,29,28,"2,438",0,4,0,6,0,10,2,20.0,0.00,0.00,20.9,0,1101,1375,80.1,17656,6738,41,1.51,35,1,3,1,1,0,5,0.18,5,0,0,0,0,0,64,34,30,62.5,32,28,92,79,2
Abergel Laurent,29,MF,29,28,"2,342",0,1,0,7,1,13,2,15.4,0.00,0.00,24.0,0,1308,1483,88.2,22287,7579,33,1.27,27,2,2,1,0,1,1,0.04,1,0,0,0,0,0,92,52,39,42.4,47,34,126,39,0
Mvogo Yvon,28,GK,21,21,"1,812",0,0,0,0,0,0,0,,,,,0,466,622,74.9,12098,8637,0,0.00,0,0,0,0,0,0,0,0.00,0,0,0,0,0,0,0,0,0,,0,2,2,6,3
Ponceau Julien,21,MF,31,20,"1,655",1,4,0,1,0,14,4,28.6,0.07,0.25,18.5,0,691,840,82.3,10711,3196,50,2.72,45,1,2,0,2,0,4,0.22,4,0,0,0,0,0,28,19,10,31.3,27,14,42,12,0
Laporte Julien,28,DF,20,19,"1,654",0,0,0,1,0,6,2,33.3,0.00,0.00,14.8,0,681,799,85.2,14120,4913,9,0.49,8,1,0,0,0,0,0,0.00,0,0,0,0,0,0,22,16,16,72.7,33,18,40,108,2
Ouattara Dango,20,"FW,MF",18,18,"1,548",6,5,0,3,1,52,17,32.7,0.12,0.35,16.6,4,267,444,60.1,3726,1232,63,3.67,31,1,12,5,11,3,15,0.87,6,0,4,1,3,1,41,26,15,53.6,24,19,60,21,0
Mannone Vito,34,GK,18,17,"1,608",0,0,0,1,0,0,0,,,,,0,444,583,76.2,10835,7099,0,0.00,0,0,0,0,0,0,0,0.00,0,0,0,0,0,0,0,0,0,,0,0,0,4,3
Moffi Terem,23,FW,18,17,"1,386",12,0,1,1,0,33,18,54.5,0.33,0.61,13.6,0,154,208,74.0,2056,532,25,1.62,18,0,6,0,1,0,4,0.26,2,0,2,0,0,0,8,5,3,60.0,11,3,11,10,0
Meïté Bamo,21,DF,17,16,"1,503",1,0,0,5,0,3,1,33.3,0.33,1.00,8.5,0,838,936,89.5,14114,5481,6,0.36,5,0,0,1,0,0,1,0.06,1,0,0,0,0,0,18,8,7,43.8,33,16,34,70,0
Koné Ibrahima,23,FW,37,15,"1,577",7,1,2,3,0,28,13,46.4,0.18,0.38,16.1,0,240,359,66.9,2822,790,37,2.11,30,0,2,3,0,2,2,0.11,2,0,0,0,0,0,24,13,5,45.5,13,4,28,18,0
Le Bris Théo,19,"MF,DF",27,15,"1,452",2,2,0,0,0,10,4,40.0,0.20,0.50,14.0,0,491,611,80.4,6675,1852,25,1.55,21,1,2,1,0,0,6,0.37,4,0,2,0,0,0,31,19,15,45.5,21,18,49,31,0
Faivre Romain,24,"MF,FW",16,14,"1,246",5,3,0,0,0,25,14,56.0,0.20,0.36,17.0,0,452,543,83.2,6643,1953,45,3.25,27,1,10,3,4,0,9,0.65,5,0,4,0,0,0,13,8,5,20.0,11,1,14,4,0
Innocent Bonke,26,MF,25,14,"1,182",0,1,0,5,0,4,0,0.0,0.00,,26.3,0,515,577,89.3,8110,1984,17,1.30,14,0,0,2,0,1,4,0.30,4,0,0,0,0,0,28,17,11,30.6,22,26,54,31,0
Diarra Stéphane,23,"FW,MF",28,14,"1,066",2,0,0,1,0,20,8,40.0,0.10,0.25,16.2,0,240,328,73.2,3312,1087,35,2.95,20,2,5,2,5,1,5,0.42,1,0,2,0,1,1,25,17,11,37.9,13,22,47,9,0
Makengo Jean-Victor,24,MF,15,12,"1,064",0,0,0,2,1,5,2,40.0,0.00,0.00,26.9,0,475,540,88.0,6908,1677,24,2.03,17,0,3,1,2,1,1,0.08,1,0,0,0,0,0,16,8,6,30.0,8,10,26,13,1
Cathline Yoann,20,"FW,MF",23,11,"1,090",1,1,0,0,0,26,9,34.6,0.04,0.11,20.3,0,241,361,66.8,3681,1269,27,2.23,13,2,6,3,2,1,4,0.33,1,1,1,1,0,0,19,12,5,41.7,10,8,27,16,1
Dieng Bamba,22,FW,15,9,747,3,0,1,1,0,21,7,33.3,0.10,0.29,16.0,0,106,141,75.2,1536,201,12,1.45,8,0,0,3,0,1,2,0.24,0,0,0,2,0,0,19,10,3,27.3,6,2,21,6,0
Yongwa Darlin,21,DF,14,8,781,1,1,0,2,0,9,3,33.3,0.11,0.33,16.9,0,264,331,79.8,3562,1191,26,3.00,19,0,3,2,2,0,1,0.12,1,0,0,0,0,0,13,11,4,26.7,13,5,18,11,0
Carioca Igor,25,DF,7,5,456,0,0,0,2,1,4,1,25.0,0.00,0.00,19.8,0,224,274,81.8,3429,1228,9,1.78,7,0,1,0,0,1,1,0.20,1,0,0,0,0,0,18,11,12,57.1,7,5,23,17,0
Lauriente Armand,23,FW,3,3,266,1,0,0,0,0,14,5,35.7,0.07,0.20,18.2,2,73,95,76.8,1175,373,19,6.43,13,0,2,2,2,0,2,0.68,1,0,0,0,1,0,8,7,3,42.9,5,4,12,1,0
Matsima Chrislain,20,"DF,MF",6,2,227,0,0,0,0,0,1,0,0.0,0.00,,10.5,0,108,127,85.0,2009,663,0,0.00,0,0,0,0,0,0,0,0.00,0,0,0,0,0,0,0,0,0,,3,2,2,7,0
Aouchiche Adil,20,MF,11,1,250,0,0,0,0,0,8,3,37.5,0.00,0.00,17.1,0,115,154,74.7,1969,665,5,1.80,3,0,0,1,0,1,0,0.00,0,0,0,0,0,0,5,2,1,11.1,1,4,9,1,0
Abdelhamid Yunis,34,DF,37,37,"3,330",1,2,0,6,0,32,3,9.4,0.03,0.33,15.0,0,1679,2031,82.7,32967,13407,43,1.16,34,0,2,5,0,2,7,0.19,4,0,2,1,0,0,82,50,39,75.0,65,64,146,116,1
Balogun Folarin,21,FW,37,34,"2,999",21,2,6,5,0,121,50,41.3,0.12,0.30,15.2,2,408,582,70.1,5755,1189,80,2.40,50,1,11,11,6,1,10,0.30,4,0,2,2,2,0,9,5,2,10.0,20,3,12,15,0
Ito Junya,29,FW,35,34,"2,916",6,5,0,3,1,42,17,40.5,0.14,0.35,15.3,0,708,1125,62.9,11236,4338,141,4.35,97,19,15,4,5,1,12,0.37,8,2,2,0,0,0,40,20,13,24.5,29,8,48,4,1
Diouf Yehvann,22,GK,31,31,"2,790",0,0,0,2,0,0,0,,,,,0,851,1063,80.1,23462,15373,4,0.13,2,2,0,0,0,0,1,0.03,1,0,0,0,0,0,2,0,1,33.3,0,1,3,13,5
Munetsi Marshall,26,MF,34,31,"2,700",7,3,0,6,0,68,23,33.8,0.10,0.30,16.1,0,651,886,73.5,10519,3417,75,2.50,60,0,3,5,6,1,5,0.17,3,0,1,0,1,0,58,27,20,41.7,37,26,84,41,1
Matusiwa Azor,24,MF,30,29,"2,484",0,0,0,4,0,11,4,36.4,0.00,0.00,26.2,0,1376,1617,85.1,26423,8698,68,2.46,64,0,0,2,1,1,3,0.11,3,0,0,0,0,0,66,41,36,59.0,37,46,112,52,0
Flips Alexis,22,"FW,MF",33,28,"1,978",4,6,0,3,1,53,20,37.7,0.08,0.20,24.1,9,690,1034,66.7,12630,5069,95,4.32,69,13,1,7,1,4,11,0.50,10,0,0,1,0,0,51,30,27,42.2,35,24,75,12,0
Agbadou Emmanuel,25,DF,29,27,"2,388",0,3,0,5,3,22,3,13.6,0.00,0.00,15.8,0,1281,1493,85.8,27077,9413,31,1.17,26,1,0,4,0,0,3,0.11,2,0,0,1,0,0,71,49,42,64.6,30,32,103,107,3
Foket Thomas,27,DF,24,23,"1,976",0,1,0,0,0,2,1,50.0,0.00,0.00,11.7,0,1011,1257,80.4,16877,4625,39,1.78,37,0,0,0,1,1,2,0.09,2,0,0,0,0,0,35,22,17,37.0,21,33,68,29,2
De Smet Thibault,24,DF,22,20,"1,758",0,1,0,2,0,0,0,,,,,0,878,1123,78.2,14328,5398,29,1.48,25,3,0,0,0,1,1,0.05,1,0,0,0,0,0,24,17,11,29.7,28,20,44,40,1
Lopy Dion,20,MF,29,16,"1,379",0,1,0,6,2,18,4,22.2,0.00,0.00,23.3,0,627,741,84.6,12141,3116,36,2.35,26,2,1,3,4,0,4,0.26,2,0,0,0,2,0,45,24,23,37.1,27,22,67,18,0
Cajuste Jens,22,MF,31,14,"1,530",3,1,0,8,1,27,7,25.9,0.11,0.43,19.5,0,606,739,82.0,11081,3065,51,3.00,40,0,5,1,1,4,3,0.18,2,0,1,0,0,0,46,25,25,52.1,30,18,64,22,0
Doumbia Kamory,19,MF,26,13,"1,155",2,2,1,0,0,25,9,36.0,0.04,0.11,19.8,0,428,538,79.6,6994,2058,41,3.19,34,0,2,2,2,1,3,0.23,3,0,0,0,0,0,31,16,12,32.4,17,13,44,3,0
Locko Banzouzi,20,DF,15,13,"1,059",0,0,0,3,1,5,0,0.0,0.00,,22.3,0,362,470,77.0,5529,2311,21,1.78,18,0,1,0,1,1,0,0.00,0,0,0,0,0,0,31,16,15,55.6,17,20,51,21,0
Gravillon Andrew,24,DF,13,12,"1,038",0,0,0,3,0,8,1,12.5,0.00,0.00,18.3,1,330,445,74.2,6298,2474,9,0.78,5,2,0,2,0,0,1,0.09,1,0,0,0,0,0,16,8,8,61.5,18,21,37,36,0
Zeneli Arber,27,"FW,MF",23,12,"1,000",0,2,0,0,0,31,6,19.4,0.00,0.00,20.8,5,302,430,70.2,4497,1514,47,4.23,28,8,6,3,2,0,7,0.63,5,0,0,1,1,0,9,3,5,41.7,8,2,11,2,0
Busi Maxime,22,DF,21,11,"1,043",0,1,0,4,0,3,0,0.0,0.00,,27.5,0,464,614,75.6,8573,2893,19,1.64,18,0,0,0,0,1,1,0.09,1,0,0,0,0,0,21,16,13,44.8,14,14,35,24,0
Keita Check,19,DF,9,8,682,0,0,0,1,0,3,1,33.3,0.00,0.00,19.4,0,264,305,86.6,5059,1150,6,0.79,6,0,0,0,0,0,0,0.00,0,0,0,0,0,0,12,9,4,44.4,6,5,17,24,1
Pentz Patrick,25,GK,7,7,630,0,0,0,1,0,0,0,,,,,0,141,211,66.8,3725,2480,2,0.29,1,1,0,0,0,0,0,0.00,0,0,0,0,0,0,0,0,0,,0,0,0,1,0
Bergen Mitchell,22,"FW,DF",28,6,905,0,1,0,1,0,25,11,44.0,0.00,0.00,19.2,0,205,303,67.7,3177,1016,34,3.38,25,2,2,3,1,1,3,0.30,1,0,0,1,1,0,18,8,8,40.0,8,6,24,11,0
Faes Wout,24,DF,3,3,270,0,0,0,2,0,0,0,,,,,0,95,115,82.6,2016,841,3,1.00,3,0,0,0,0,0,2,0.67,2,0,0,0,0,0,1,1,1,50.0,6,7,8,19,0
Maolida Myziane,23,"MF,FW",9,2,232,1,0,0,0,0,6,2,33.3,0.17,0.50,17.2,0,75,104,72.1,1057,225,3,1.16,2,0,0,1,0,0,0,0.00,0,0,0,0,0,0,8,3,5,41.7,1,2,10,0,0
Holm Noah,21,"FW,MF",8,2,194,0,0,0,1,0,2,0,0.0,0.00,,36.7,0,27,44,61.4,404,80,7,3.28,4,0,0,0,1,2,0,0.00,0,0,0,0,0,0,6,4,2,40.0,0,0,6,5,0
Atangana Edoa Valentin,16,MF,7,2,174,0,0,0,0,0,1,0,0.0,0.00,,15.5,0,41,48,85.4,650,180,5,2.60,4,0,0,1,0,0,0,0.00,0,0,0,0,0,0,8,3,3,50.0,2,0,8,1,0
Sierhuis Kaj,24,"FW,MF",14,1,218,0,0,0,0,0,5,1,20.0,0.00,0.00,14.3,0,33,64,51.6,627,107,4,1.65,3,0,0,0,1,0,0,0.00,0,0,0,0,0,0,3,3,0,0.0,3,1,4,2,0
Ferri Jordan,30,MF,34,32,"2,738",1,2,0,7,1,14,2,14.3,0.07,0.50,24.1,0,1695,1989,85.2,30870,9895,71,2.33,65,1,2,1,2,0,7,0.23,6,1,0,0,0,0,55,35,30,33.7,22,26,81,21,0
Jullien Christopher,29,DF,30,30,"2,695",0,2,0,5,0,17,2,11.8,0.00,0.00,8.6,0,884,1065,83.0,17736,6583,19,0.63,16,1,0,2,0,0,4,0.13,3,0,0,1,0,0,46,28,28,54.9,35,43,89,114,1
Savanier Téji,30,MF,30,30,"2,546",12,4,6,4,3,58,24,41.4,0.10,0.25,27.0,19,1185,1695,69.9,22639,8622,130,4.60,63,41,11,1,14,0,11,0.39,6,4,0,0,1,0,46,30,23,32.9,30,30,76,12,1
Nordin Arnaud,24,FW,36,30,"2,401",9,3,0,4,0,59,24,40.7,0.15,0.38,16.1,0,485,661,73.4,7015,1948,63,2.36,41,1,3,6,11,1,10,0.37,7,0,1,0,2,0,26,14,12,42.9,19,14,40,7,0
Sacko Falaye,27,DF,35,29,"2,580",1,3,0,3,0,6,2,33.3,0.17,0.50,16.7,0,999,1240,80.6,15965,5374,38,1.33,33,2,2,0,0,1,7,0.24,6,0,0,0,0,1,46,25,32,62.7,43,33,79,75,1
Wahi Elye,19,FW,33,29,"2,513",19,5,1,8,1,62,36,58.1,0.29,0.50,14.5,1,299,440,68.0,3580,635,51,1.83,29,0,5,8,8,1,12,0.43,4,0,2,4,2,0,9,3,5,35.7,14,3,12,5,0
Chotard Joris,20,MF,35,26,"2,461",0,6,0,4,0,12,1,8.3,0.00,0.00,27.2,0,867,1092,79.4,15720,5467,40,1.46,30,4,1,1,1,3,8,0.29,8,0,0,0,0,0,64,34,40,51.3,40,40,104,42,1
Maouassa Faitout,24,"FW,DF",33,23,"1,923",5,5,0,0,0,34,12,35.3,0.15,0.42,20.1,1,436,651,67.0,7095,2881,57,2.66,39,6,5,4,2,1,10,0.47,10,0,0,0,0,0,52,32,18,43.9,31,20,72,23,0
Khazri Wahbi,31,"FW,MF",27,20,"1,635",4,1,0,5,1,38,16,42.1,0.11,0.25,22.2,0,344,483,71.2,6049,1925,42,2.31,21,8,3,5,4,1,7,0.39,3,0,0,3,1,0,26,13,6,24.0,17,9,35,20,0
Lecomte Benjamin,31,GK,19,19,"1,710",0,0,0,0,0,0,0,,,,,0,411,643,63.9,12683,9750,5,0.26,5,0,0,0,0,0,1,0.05,1,0,0,0,0,0,0,0,0,0.0,0,0,0,6,0
Estève Maxime,20,DF,23,18,"1,646",0,0,0,3,0,6,0,0.0,0.00,,9.5,0,609,748,81.4,11413,3907,7,0.38,5,1,0,1,0,0,0,0.00,0,0,0,0,0,0,24,13,12,70.6,28,34,58,90,0
Sylla Issiaga,28,DF,15,15,"1,305",1,3,0,0,0,10,1,10.0,0.10,1.00,14.8,0,647,817,79.2,10539,3906,42,2.90,37,2,1,2,0,0,4,0.28,3,0,0,1,0,0,28,16,15,48.4,19,32,60,35,0
Kouyaté Boubakar,25,DF,15,15,"1,256",0,0,0,5,0,11,3,27.3,0.00,0.00,11.5,0,499,611,81.7,9797,3098,11,0.79,10,0,0,1,0,0,0,0.00,0,0,0,0,0,0,31,18,19,54.3,24,34,65,73,1
Mavididi Stephy,24,FW,26,14,"1,288",4,2,0,1,1,37,15,40.5,0.11,0.27,16.8,0,236,318,74.2,3260,618,44,3.08,22,0,8,7,5,2,4,0.28,3,0,1,0,0,0,24,19,13,48.1,21,4,28,10,0
Cozza Nicolas,23,DF,17,14,"1,277",2,1,0,3,0,7,4,57.1,0.29,0.50,10.0,0,429,592,72.5,7416,3170,18,1.27,15,0,1,1,1,0,2,0.14,2,0,0,0,0,0,38,21,26,68.4,11,21,59,35,1
Leroy Léo,22,MF,27,14,"1,192",0,0,0,7,0,18,6,33.3,0.00,0.00,20.6,1,387,521,74.3,6219,2029,31,2.34,24,0,1,4,1,1,7,0.53,7,0,0,0,0,0,53,38,31,54.4,25,14,67,8,0
Omlin Jonas,28,GK,14,14,"1,166",0,0,0,1,1,0,0,,,,,0,295,415,71.1,8042,5958,1,0.08,1,0,0,0,0,0,0,0.00,0,0,0,0,0,0,1,0,0,,0,0,1,8,1
Tchato Enzo,19,DF,21,11,"1,096",1,1,0,1,0,4,2,50.0,0.25,0.50,18.8,0,414,557,74.3,6287,2107,21,1.72,18,0,1,0,1,1,2,0.16,2,0,0,0,0,0,26,17,13,59.1,17,7,33,33,0
Sakho Mamadou,32,DF,15,7,763,1,0,0,2,0,3,2,66.7,0.33,0.50,6.1,0,397,459,86.5,6800,2504,4,0.47,2,0,0,1,0,1,0,0.00,0,0,0,0,0,0,9,5,3,60.0,17,8,17,35,1
Fayad Khalil,18,MF,24,7,718,0,2,0,1,1,8,3,37.5,0.00,0.00,21.8,0,283,341,83.0,4478,1236,19,2.38,15,2,1,1,0,0,5,0.63,4,0,0,1,0,0,30,14,12,57.1,8,9,39,4,0
Sainte-Luce Théo,23,DF,9,7,534,1,1,0,0,0,3,2,66.7,0.33,0.50,20.5,0,219,266,82.3,3223,1215,11,1.86,7,4,0,0,0,0,1,0.17,1,0,0,0,0,0,13,11,7,50.0,7,10,23,11,0
Germain Valère,32,"FW,MF",31,5,688,2,0,0,1,1,19,6,31.6,0.11,0.33,12.7,0,147,214,68.7,1794,407,14,1.83,11,0,0,2,1,0,3,0.39,1,0,0,1,1,0,13,11,4,33.3,8,6,19,12,0
Kamara Bingourou,25,GK,5,4,408,0,0,0,1,0,0,0,,,,,0,87,131,66.4,2374,1898,0,0.00,0,0,0,0,0,0,0,0.00,0,0,0,0,0,0,0,0,0,,0,0,0,2,0
Souquet Arnaud,30,"DF,FW",12,3,361,0,0,0,1,0,1,0,0.0,0.00,,20.7,0,104,137,75.9,1509,690,5,1.25,5,0,0,0,0,0,0,0.00,0,0,0,0,0,0,22,16,11,78.6,8,4,26,4,0
Makouana Béni,19,"FW,MF",8,1,198,0,0,0,1,0,6,1,16.7,0.00,0.00,13.9,0,15,38,39.5,146,43,2,0.90,1,0,0,0,1,0,1,0.45,0,0,0,0,1,0,1,0,0,0.0,3,0,1,1,0
Dupé Maxime,29,GK,38,38,"3,420",0,0,0,2,0,1,0,0.0,0.00,,13.4,0,994,1271,78.2,25377,16802,2,0.05,1,0,0,1,0,0,0,0.00,0,0,0,0,0,0,0,0,0,,0,0,0,9,3
Rouault Anthony,21,DF,37,37,"3,314",2,1,0,4,1,19,10,52.6,0.11,0.20,9.0,0,1802,2063,87.3,34985,13356,13,0.35,10,0,0,2,0,1,1,0.03,0,0,0,1,0,0,66,37,30,51.7,52,56,122,126,4
Spierings Stijn,26,MF,36,35,"3,120",2,0,0,6,0,24,5,20.8,0.08,0.40,20.2,0,1778,2085,85.3,32238,10001,60,1.73,48,0,2,3,3,4,6,0.17,4,0,1,0,1,0,95,67,43,42.6,49,53,148,44,0
Nicolaisen Rasmus,25,DF,34,34,"2,995",0,2,0,7,1,13,7,53.8,0.00,0.00,11.5,0,1484,1763,84.2,29502,11304,12,0.36,11,0,0,1,0,0,3,0.09,3,0,0,0,0,0,48,21,29,63.0,58,50,98,152,0
den Boomen Branco,27,MF,35,32,"2,888",5,8,4,6,0,48,20,41.7,0.02,0.05,25.1,16,1684,2214,76.1,37506,12927,154,4.80,85,57,0,9,3,0,22,0.69,16,3,0,3,0,0,71,36,36,40.4,27,10,81,27,2
Aboukhlal Zakaria,22,"FW,MF",37,28,"2,473",10,5,0,4,0,83,30,36.1,0.12,0.33,15.9,0,576,777,74.1,7539,1994,80,2.91,44,1,10,13,10,2,8,0.29,4,0,1,2,1,0,33,23,14,31.1,18,22,55,23,0
Dallinga Thijs,21,FW,36,28,"2,353",12,1,0,4,0,61,30,49.2,0.20,0.40,12.1,0,327,522,62.6,4337,720,42,1.61,33,0,1,7,1,0,4,0.15,3,0,0,1,0,0,8,6,1,7.7,17,3,11,20,0
Desler Mikkel,27,DF,27,26,"2,257",1,2,0,5,1,11,4,36.4,0.09,0.25,17.6,0,1336,1573,84.9,19956,7128,49,1.96,42,1,2,3,1,0,5,0.20,5,0,0,0,0,0,71,38,43,64.2,35,36,107,48,2
Ratão Rafael,26,"FW,MF",30,25,"1,851",5,4,0,2,0,31,11,35.5,0.16,0.45,12.4,0,590,800,73.8,8370,2341,58,2.82,47,0,2,7,1,1,4,0.19,4,0,0,0,0,0,52,36,27,37.0,34,21,73,7,0
Dejaegere Brecht,31,MF,30,25,"1,809",4,1,0,5,0,23,7,30.4,0.17,0.57,14.6,0,518,664,78.0,8008,2371,48,2.39,40,0,4,2,2,0,6,0.30,4,0,1,1,0,0,40,23,15,29.4,25,14,54,11,0
Chaïbi Fares,19,"FW,MF",36,24,"2,340",5,5,0,2,0,63,25,39.7,0.08,0.20,16.8,2,742,1018,72.9,11489,3144,72,2.77,55,1,5,8,3,0,7,0.27,5,0,0,2,0,0,31,18,17,34.0,38,19,50,36,1
Sylla Issiaga,28,DF,17,16,"1,372",0,0,0,3,0,9,3,33.3,0.00,0.00,17.9,0,645,838,77.0,9771,3801,30,1.97,20,5,2,1,2,0,5,0.33,2,2,0,0,1,0,28,15,15,44.1,15,38,66,38,0
Suazo Gabriel,24,DF,18,14,"1,259",0,1,0,1,0,2,0,0.0,0.00,,17.8,0,687,828,83.0,10771,4493,28,2.00,26,1,0,0,0,1,1,0.07,1,0,0,0,0,0,38,22,29,46.0,21,22,60,24,1
Diarra Moussa,21,DF,23,12,"1,225",0,1,0,0,0,1,0,0.0,0.00,,6.4,0,537,646,83.1,8760,3452,16,1.17,15,0,0,0,1,0,3,0.22,3,0,0,0,0,0,20,9,9,60.0,25,19,39,27,1
Onaiwu Ado,26,FW,34,9,"1,082",2,1,0,0,0,19,4,21.1,0.11,0.50,17.2,0,252,337,74.8,3501,718,20,1.66,18,0,0,0,2,0,1,0.08,1,0,0,0,0,0,11,6,5,38.5,5,2,13,5,0
Kamanzi Waren,21,DF,11,7,665,0,0,0,1,0,2,1,50.0,0.00,0.00,18.1,0,306,358,85.5,4140,1289,11,1.49,10,0,0,1,0,0,0,0.00,0,0,0,0,0,0,16,9,13,68.4,8,8,24,9,0
Sierro Vincent,26,MF,15,7,665,0,0,0,3,0,8,3,37.5,0.00,0.00,22.3,1,321,408,78.7,6144,1812,14,1.89,8,4,0,2,0,0,0,0.00,0,0,0,0,0,0,19,11,11,37.9,12,4,23,11,1
Genreau Denis,23,MF,20,7,657,0,1,0,3,0,7,2,28.6,0.00,0.00,16.5,0,243,323,75.2,3403,1177,18,2.46,15,0,0,1,0,2,2,0.27,2,0,0,0,0,0,35,13,13,41.9,16,8,43,9,0
Costa Logan,21,DF,6,4,415,0,0,0,0,0,5,2,40.0,0.00,0.00,8.6,0,194,230,84.3,3783,1708,7,1.52,5,0,0,2,0,0,0,0.00,0,0,0,0,0,0,9,4,6,66.7,6,4,13,12,0
Keben Biakolo Kévin,18,DF,11,4,362,0,0,0,1,0,1,0,0.0,0.00,,18.2,0,117,148,79.1,1797,613,3,0.75,2,0,1,0,0,0,0,0.00,0,0,0,0,0,0,3,2,0,0.0,1,5,8,9,0
Birmančević Veljko,24,"FW,MF",25,2,444,0,0,0,0,0,13,3,23.1,0.00,0.00,19.3,0,107,161,66.5,1391,503,15,3.02,8,0,0,3,4,0,2,0.40,1,0,0,0,1,0,13,7,7,33.3,12,7,20,1,0
Zandén Oliver,20,"DF,MF",5,1,146,0,0,0,0,0,2,1,50.0,0.00,0.00,17.6,0,47,71,66.2,768,319,4,2.47,4,0,0,0,0,0,0,0.00,0,0,0,0,0,0,2,1,2,40.0,0,1,3,7,0
Mawissa Christian,17,DF,2,1,98,0,0,0,1,0,0,0,,,,,0,41,48,85.4,600,267,0,0.00,0,0,0,0,0,0,0,0.00,0,0,0,0,0,0,2,0,1,33.3,0,3,5,1,0
N'Goumou Nathan,22,FW,1,1,90,0,0,0,0,0,0,0,,,,,0,25,30,83.3,352,110,3,3.00,2,0,1,0,0,0,0,0.00,0,0,0,0,0,0,3,2,1,100.0,2,2,5,0,0
Begraoui Yanis,21,"FW,MF",3,1,65,0,0,0,0,0,0,0,,,,,0,14,19,73.7,207,68,2,2.77,2,0,0,0,0,0,0,0.00,0,0,0,0,0,0,2,0,1,50.0,0,1,3,0,0
Bizot Marco,31,GK,37,37,"3,330",0,0,0,4,0,0,0,,,,,0,799,1096,72.9,24651,17824,5,0.14,4,1,0,0,0,0,0,0.00,0,0,0,0,0,0,0,0,0,0.0,1,0,0,24,4
Brassier Lilian,22,DF,36,35,"3,093",0,0,0,5,0,20,3,15.0,0.00,0.00,16.3,0,1257,1634,76.9,26597,11728,29,0.84,23,2,0,2,1,1,2,0.06,0,1,0,0,0,1,42,30,23,71.9,42,53,95,132,1
Lees-Melou Pierre,29,MF,32,32,"2,767",5,5,0,10,1,43,13,30.2,0.12,0.38,23.8,2,1198,1461,82.0,24298,8391,56,1.82,42,2,2,6,1,3,7,0.23,5,0,0,1,0,1,97,55,57,46.3,48,52,149,46,1
Belkebla Haris,28,MF,38,30,"2,656",2,0,1,3,0,9,2,22.2,0.11,0.50,25.5,0,1033,1222,84.5,18238,4759,39,1.32,33,0,0,0,4,2,2,0.07,1,0,0,0,1,0,80,48,44,51.8,32,52,132,21,3
Honorat Franck,25,"FW,MF",33,29,"2,535",6,5,0,1,0,47,17,36.2,0.13,0.35,18.1,4,691,1043,66.3,11988,3679,132,4.69,80,37,5,7,3,0,11,0.39,5,4,1,1,0,0,41,29,19,55.9,22,21,62,18,0
Duverne Jean-Kevin,25,DF,34,27,"2,515",0,0,0,2,0,5,1,20.0,0.00,0.00,17.2,0,1059,1480,71.6,18165,7953,48,1.72,32,4,5,0,7,0,4,0.14,0,0,0,0,4,0,72,38,42,57.5,33,28,100,65,1
Chardonnet Brendan,27,DF,30,27,"2,491",0,0,0,6,0,16,3,18.8,0.00,0.00,11.1,0,1060,1318,80.4,23796,9346,20,0.72,17,1,0,2,0,0,1,0.04,1,0,0,0,0,0,45,27,20,52.6,40,63,108,86,1
Le Douaron Jérémy,24,"MF,FW",32,24,"2,071",10,3,0,1,0,55,23,41.8,0.18,0.43,11.1,0,264,390,67.7,3664,803,46,2.00,26,0,2,9,6,3,6,0.26,3,0,0,3,0,0,15,9,3,11.1,29,11,26,30,0
Camara Mahdi,24,MF,31,20,"1,820",2,0,0,4,1,24,7,29.2,0.08,0.29,16.3,0,578,703,82.2,8665,2082,38,1.87,25,0,6,3,2,2,2,0.10,0,0,1,0,1,0,63,36,25,58.1,35,40,103,16,0
Mounié Steve,27,FW,23,20,"1,655",6,0,1,2,0,58,19,32.8,0.09,0.26,14.9,0,253,458,55.2,3503,841,37,2.01,24,0,0,10,1,2,4,0.22,2,0,0,2,0,0,13,5,5,35.7,18,3,16,20,0
Magnetti Hugo,24,MF,32,19,"1,688",1,2,0,2,0,17,6,35.3,0.06,0.17,24.7,0,634,762,83.2,11461,2712,34,1.81,29,0,2,2,0,1,5,0.27,3,0,0,1,0,1,43,27,23,36.5,21,25,68,12,0
Del Castillo Romain,26,"MF,FW",27,16,"1,422",6,6,5,2,0,31,11,35.5,0.03,0.09,20.7,3,448,673,66.6,7887,2950,68,4.31,40,18,3,3,2,2,13,0.82,8,3,1,0,1,0,39,24,16,44.4,14,11,50,5,0
Lala Kenny,30,DF,17,16,"1,417",0,2,0,4,0,12,3,25.0,0.00,0.00,25.6,2,660,874,75.5,13499,5197,40,2.54,20,16,1,1,2,0,3,0.19,3,0,0,0,0,0,36,19,22,57.9,15,21,57,28,0
Fadiga Noah,22,DF,21,16,"1,308",1,0,0,2,0,11,3,27.3,0.09,0.33,18.3,0,499,625,79.8,7725,2860,15,1.03,8,0,3,0,3,1,2,0.14,1,0,1,0,0,0,30,21,14,53.8,17,26,56,18,0
Pereira Lage Mathias,25,"MF,FW",24,16,"1,264",2,1,0,2,0,21,9,42.9,0.10,0.22,18.8,1,257,387,66.4,4010,1256,28,1.99,19,3,2,1,3,0,3,0.21,2,0,0,0,1,0,20,7,11,37.9,10,14,34,12,0
Dari Achraf,23,DF,18,15,"1,317",1,0,0,1,0,4,2,50.0,0.25,0.50,15.4,0,547,690,79.3,12287,4337,7,0.48,3,2,0,0,1,1,2,0.14,1,0,0,0,1,0,21,14,14,70.0,16,19,40,65,2
Hérelle Christophe,29,DF,16,12,"1,060",0,0,0,2,0,3,0,0.0,0.00,,16.4,0,377,440,85.7,7609,2474,6,0.51,4,1,0,1,0,0,0,0.00,0,0,0,0,0,0,10,4,4,30.8,16,20,30,48,0
Slimani Islam,34,FW,16,11,986,1,1,0,5,0,14,2,14.3,0.07,0.50,14.1,0,261,367,71.1,3733,663,23,2.10,22,0,0,1,0,0,3,0.27,3,0,0,0,0,0,5,3,0,0.0,2,1,6,11,0
Belaïli Youcef,30,"FW,MF",6,4,356,0,2,0,3,0,9,1,11.1,0.00,0.00,16.0,1,114,158,72.2,2224,569,15,3.79,8,6,0,0,1,0,2,0.51,0,2,0,0,0,0,5,2,2,28.6,2,1,6,1,0
Uronen Jere,28,DF,6,3,300,0,1,0,0,0,1,0,0.0,0.00,,29.8,0,125,157,79.6,2127,799,4,1.20,4,0,0,0,0,0,1,0.30,1,0,0,0,0,0,8,5,7,58.3,6,7,15,5,0
Lemaréchal Félix,18,MF,13,2,288,0,0,0,2,0,2,0,0.0,0.00,,22.6,0,89,113,78.8,1468,322,12,3.75,10,1,1,0,0,0,0,0.00,0,0,0,0,0,0,5,5,0,0.0,6,1,6,2,0
Locko Banzouzi,20,DF,7,2,270,0,0,0,0,0,0,0,,,,,0,99,127,78.0,1802,710,5,1.67,4,1,0,0,0,0,0,0.00,0,0,0,0,0,0,4,3,2,66.7,4,2,6,13,0
Elis Alberth,26,"MF,FW",10,2,257,0,0,0,0,0,4,1,25.0,0.00,0.00,13.1,0,33,44,75.0,405,137,12,4.20,6,0,1,1,3,1,0,0.00,0,0,0,0,0,0,4,3,1,14.3,1,1,5,2,0
Cardona Irvin,24,"FW,MF",10,1,233,0,0,0,0,0,4,2,50.0,0.00,0.00,13.4,0,34,58,58.6,468,79,3,1.16,2,0,0,1,0,0,0,0.00,0,0,0,0,0,0,2,0,0,0.0,3,2,4,2,0
Arconte Taïryk,18,FW,4,1,128,0,0,0,0,0,2,1,50.0,0.00,0.00,12.5,0,10,17,58.8,129,32,3,2.11,2,1,0,0,0,0,0,0.00,0,0,0,0,0,0,1,1,0,0.0,1,0,1,2,0
Sels Matz,30,GK,38,38,"3,420",0,0,0,2,0,0,0,,,,,0,636,973,65.4,18508,14417,4,0.11,3,1,0,0,0,0,0,0.00,0,0,0,0,0,0,4,3,4,100.0,0,4,8,23,0
Diallo Habib,27,FW,37,32,"2,879",20,1,3,4,1,90,36,40.0,0.19,0.47,13.0,1,397,597,66.5,5478,968,63,1.97,39,0,7,10,7,0,6,0.19,3,0,1,2,0,0,18,10,6,37.5,19,12,30,26,0
Djiku Alexander,27,DF,31,31,"2,677",1,2,0,8,1,17,5,29.4,0.06,0.20,14.4,1,1215,1507,80.6,25533,10650,24,0.81,22,1,0,1,0,0,5,0.17,5,0,0,0,0,0,53,36,26,56.5,45,66,119,151,3
Bellegarde Jean-Ricner,24,"MF,FW",30,29,"2,419",2,6,0,5,0,38,13,34.2,0.05,0.15,22.2,11,952,1242,76.7,16743,5003,102,3.79,65,22,4,1,10,0,13,0.48,8,1,0,1,3,0,47,25,11,44.0,26,26,73,22,0
Doukouré Ismaël,19,"DF,MF",28,25,"2,297",1,1,0,5,0,9,2,22.2,0.11,0.50,25.4,0,910,1106,82.3,17110,6266,20,0.78,17,0,1,1,1,0,2,0.08,2,0,0,0,0,0,48,24,20,58.8,26,27,75,54,0
Gameiro Kévin,35,FW,34,23,"2,098",10,0,1,1,1,44,22,50.0,0.20,0.41,13.0,0,591,747,79.1,7909,1399,58,2.49,44,0,1,9,4,0,3,0.13,0,0,0,2,1,0,20,10,8,28.6,10,9,29,0,0
Le Marchand Maxime,32,DF,26,23,"2,015",0,0,0,6,1,8,0,0.0,0.00,,19.1,0,958,1208,79.3,18366,7641,19,0.85,13,1,2,0,1,2,3,0.13,1,0,0,0,1,1,39,24,19,61.3,22,37,76,74,0
Nyamsi Gerzino,25,DF,20,19,"1,578",1,1,0,4,1,14,7,50.0,0.07,0.14,10.8,0,710,841,84.4,14214,5117,13,0.74,10,1,1,1,0,0,4,0.23,3,0,1,0,0,0,28,20,10,83.3,19,10,38,63,1
Perrin Lucas,23,DF,26,18,"1,765",0,1,0,4,0,7,4,57.1,0.00,0.00,11.7,0,678,829,81.8,13175,5389,15,0.76,13,0,0,1,0,1,1,0.05,1,0,0,0,0,0,44,27,25,51.0,13,36,80,53,0
Diarra Mouhamadou,18,"MF,FW",29,18,"1,626",3,2,0,4,0,23,9,39.1,0.13,0.33,20.1,0,506,660,76.7,8400,1973,59,3.27,42,0,7,4,6,0,7,0.39,4,0,1,0,2,0,24,16,15,51.7,17,11,35,13,0
Liénard Dimitri,34,"DF,MF",28,18,"1,543",0,0,0,4,0,13,2,15.4,0.00,0.00,21.8,2,728,982,74.1,13692,4011,56,3.26,30,23,0,1,0,2,1,0.06,1,0,0,0,0,0,46,29,34,59.6,28,16,62,24,0
Sanson Morgan,27,MF,18,18,"1,419",1,2,0,1,0,32,8,25.0,0.03,0.13,19.7,1,480,620,77.4,8228,2377,48,3.05,34,3,1,6,2,2,5,0.32,3,0,0,1,0,1,36,25,17,30.4,21,22,58,9,0
Prcić Sanjin,28,MF,29,17,"1,633",1,1,0,3,1,28,7,25.0,0.04,0.14,26.0,1,890,1056,84.3,17168,4866,37,2.04,27,4,1,1,4,0,2,0.11,2,0,0,0,0,0,27,12,19,61.3,22,25,52,22,0
Guilbert Frederic,27,DF,18,17,"1,461",0,1,0,3,0,12,1,8.3,0.00,0.00,26.3,3,617,864,71.4,10774,4127,32,1.97,23,4,0,0,3,2,2,0.12,1,1,0,0,0,0,47,29,25,58.1,24,43,90,33,1
Aholou Jean-Eudes,28,MF,30,16,"1,300",3,1,0,4,1,21,8,38.1,0.14,0.38,25.0,0,447,592,75.5,7451,2109,28,1.94,21,1,0,1,2,3,2,0.14,2,0,0,0,0,0,34,20,12,38.7,25,24,58,15,0
Sissoko Ibrahima,24,MF,26,13,"1,310",0,2,0,1,0,13,3,23.1,0.00,0.00,18.0,0,489,636,76.9,8178,2320,32,2.20,25,0,0,2,4,1,2,0.14,2,0,0,0,0,0,40,22,22,52.4,20,10,50,19,0
Delaine Thomas,30,"DF,MF",17,13,"1,069",0,2,0,3,0,6,4,66.7,0.00,0.00,18.7,0,356,537,66.3,5526,1983,23,1.94,19,0,2,0,0,2,4,0.34,4,0,0,0,0,0,28,14,13,50.0,8,16,44,9,0
Dagba Colin,23,"DF,MF",21,12,958,0,0,0,3,0,5,0,0.0,0.00,,16.3,0,401,496,80.8,5529,2050,23,2.16,19,2,1,0,1,0,2,0.19,2,0,0,0,0,0,32,20,19,73.1,18,17,49,19,0
Thomasson Adrien,28,MF,15,10,937,0,2,0,2,0,17,5,29.4,0.00,0.00,12.1,0,429,524,81.9,6717,1586,38,3.65,32,1,2,2,0,1,3,0.29,2,0,0,1,0,0,19,9,9,30.0,18,3,22,2,0
Sobol Eduard,27,DF,15,9,870,0,1,0,2,0,5,0,0.0,0.00,,26.6,0,298,391,76.2,4795,1729,20,2.07,13,0,2,0,3,2,2,0.21,1,0,0,0,0,1,19,10,9,69.2,10,8,27,19,0
Ajorque Ludovic,28,FW,13,9,771,1,0,1,1,0,22,7,31.8,0.00,0.00,15.1,1,178,255,69.8,2614,397,22,2.57,20,0,0,2,0,0,2,0.23,1,0,0,1,0,0,5,4,3,33.3,3,2,7,7,0
Pierre-Gabriel Ronaël,24,DF,14,7,653,0,1,0,3,0,3,2,66.7,0.00,0.00,14.6,0,287,364,78.8,4660,1705,15,2.06,8,3,1,1,1,1,1,0.14,1,0,0,0,0,0,25,18,15,88.2,16,9,34,22,0
Mothiba Lebo,26,"FW,MF",19,3,435,3,0,0,0,0,9,4,44.4,0.33,0.75,13.0,0,75,98,76.5,969,140,6,1.24,3,0,1,0,2,0,1,0.21,1,0,0,0,0,0,1,0,0,0.0,6,0,1,4,0
Kandil Nordine,20,"MF,FW",7,0,101,0,1,0,0,0,3,0,0.0,0.00,,19.3,0,44,61,72.1,565,140,8,7.13,3,1,2,1,1,0,2,1.78,1,0,0,1,0,0,3,2,0,0.0,2,1,4,1,0
Bouebari Franci,18,DF,2,0,76,0,0,0,0,0,0,0,,,,,0,13,23,56.5,195,77,1,1.18,1,0,0,0,0,0,0,0.00,0,0,0,0,0,0,3,0,3,60.0,0,2,5,2,0
Lafont Alban,23,GK,37,37,"3,329",0,0,0,2,1,0,0,,,,,0,835,1191,70.1,25417,19277,7,0.19,6,1,0,0,0,0,0,0.00,0,0,0,0,0,0,0,0,0,0.0,0,0,0,20,4
Girotto Andrei,30,"DF,MF",36,36,"3,149",1,1,0,7,0,27,6,22.2,0.04,0.17,17.2,2,1445,1750,82.6,29344,9608,32,0.91,27,1,0,3,0,1,5,0.14,3,1,0,1,0,0,122,73,74,56.1,55,73,195,176,1
Blas Ludovic,24,"MF,FW",37,30,"2,813",7,5,2,6,0,95,32,33.7,0.05,0.16,21.5,4,933,1186,78.7,17210,3890,122,3.90,75,19,16,9,3,0,9,0.29,3,3,2,1,0,0,47,30,17,34.7,26,19,66,8,0
Castelletto Jean-Charles,27,DF,32,30,"2,568",0,0,0,3,0,9,3,33.3,0.00,0.00,13.4,0,1130,1373,82.3,21032,8232,23,0.81,20,0,1,1,0,1,0,0.00,0,0,0,0,0,0,43,26,22,61.1,35,58,101,90,0
Simon Moses,27,"FW,MF",34,28,"2,346",5,4,1,3,0,32,9,28.1,0.13,0.44,18.3,1,463,725,63.9,7630,2088,85,3.26,58,10,7,7,3,0,4,0.15,4,0,0,0,0,0,18,9,7,46.7,14,11,29,3,0
Moutoussamy Samuel,25,MF,35,27,"2,399",0,2,0,8,0,22,5,22.7,0.00,0.00,16.8,0,1053,1226,85.9,17981,5126,52,1.95,46,0,2,0,2,2,5,0.19,4,0,0,0,1,0,64,34,26,34.2,23,24,88,15,0
Pallois Nicolas,34,DF,26,26,"2,213",1,0,0,4,1,9,3,33.3,0.11,0.33,12.9,0,977,1171,83.4,20669,7510,10,0.41,7,0,1,1,0,1,0,0.00,0,0,0,0,0,0,69,44,42,60.0,35,30,99,131,2
Chirivella Pedro,25,MF,26,25,"2,028",0,1,0,1,0,16,5,31.3,0.00,0.00,22.2,0,1163,1360,85.5,21412,6260,50,2.22,46,1,2,0,0,1,3,0.13,3,0,0,0,0,0,33,22,17,38.6,24,20,53,7,0
Sissoko Moussa,32,MF,30,22,"1,918",2,0,0,3,0,17,4,23.5,0.12,0.50,16.3,0,628,787,79.8,10251,3230,35,1.64,32,0,0,3,0,0,1,0.05,1,0,0,0,0,0,26,16,12,66.7,22,16,42,17,0
Merlin Quentin,20,DF,24,22,"1,791",1,2,0,2,0,15,4,26.7,0.07,0.25,22.8,1,857,1169,73.3,16268,5919,58,2.92,33,17,3,3,2,0,3,0.15,2,1,0,0,0,0,31,19,18,47.4,27,24,55,30,0
Centonze Fabien,26,DF,23,19,"1,689",0,0,0,4,0,14,0,0.0,0.00,,23.0,0,715,945,75.7,11285,4732,35,1.86,27,3,1,0,4,0,3,0.16,2,0,0,0,1,0,58,37,30,71.4,24,44,102,55,1
Mohamed Mostafa,24,FW,36,18,"1,939",8,2,0,1,0,58,24,41.4,0.14,0.33,14.2,0,215,351,61.3,3003,648,37,1.72,22,0,3,8,4,0,6,0.28,4,0,0,1,1,0,18,13,9,45.0,23,10,28,33,0
Ganago Ignatius,23,"FW,MF",28,16,"1,520",5,3,0,0,0,33,14,42.4,0.15,0.36,13.0,0,212,349,60.7,2964,597,29,1.72,17,0,0,5,6,1,7,0.41,4,0,0,1,1,1,9,7,4,57.1,13,2,11,12,0
Guessand Evann,21,"FW,MF",30,15,"1,260",3,2,0,2,0,22,12,54.5,0.14,0.25,12.1,0,196,308,63.6,2835,906,28,2.00,16,0,6,3,3,0,4,0.29,3,0,1,0,0,0,24,16,6,50.0,17,9,33,6,0
Mollet Florent,30,MF,19,11,"1,089",1,2,0,3,0,22,9,40.9,0.05,0.11,23.2,5,444,565,78.6,7342,2315,49,4.05,26,13,1,4,5,0,3,0.25,2,1,0,0,0,0,14,6,7,29.2,12,10,24,11,0
Victor João,24,DF,13,9,842,0,1,0,5,0,2,0,0.0,0.00,,15.7,0,347,436,79.6,6390,1715,10,1.07,8,0,0,1,0,1,1,0.11,1,0,0,0,0,0,19,11,12,54.5,11,15,34,30,0
Appiah Dennis,30,"DF,MF",15,9,795,0,0,0,1,0,5,1,20.0,0.00,0.00,19.3,0,339,468,72.4,5590,2196,11,1.25,8,1,2,0,0,0,1,0.11,1,0,0,0,0,0,21,11,10,37.0,13,10,31,16,0
Hadjam Jaouen,19,DF,13,8,805,0,1,0,1,0,6,3,50.0,0.00,0.00,30.3,0,378,477,79.2,6006,1961,23,2.57,19,1,3,0,0,0,1,0.11,1,0,0,0,0,0,27,21,16,64.0,10,12,39,12,0
Corchia Sébastien,31,DF,22,6,786,0,1,0,3,0,5,2,40.0,0.00,0.00,27.4,1,257,371,69.3,4354,1895,15,1.72,11,2,1,0,0,1,4,0.46,4,0,0,0,0,0,16,6,11,50.0,9,14,30,21,0
Coco Marcus,26,"FW,MF",26,6,641,1,0,0,2,0,7,1,14.3,0.14,1.00,13.6,0,175,244,71.7,2841,897,19,2.67,17,0,2,0,0,0,0,0.00,0,0,0,0,0,0,24,15,11,47.8,13,14,38,7,0
Traore Charles,30,DF,12,6,482,0,0,0,2,0,0,0,,,,,0,181,239,75.7,3371,1427,3,0.56,3,0,0,0,0,0,1,0.19,1,0,0,0,0,0,8,5,5,71.4,9,10,18,12,0
Delort Andy,30,FW,12,6,469,0,0,0,0,0,18,10,55.6,0.00,0.00,16.1,2,73,138,52.9,1159,281,12,2.30,10,0,0,1,1,0,0,0.00,0,0,0,0,0,0,5,4,2,33.3,3,0,5,2,0
Fábio,32,"DF,MF",6,3,224,0,0,0,1,1,3,2,66.7,0.00,0.00,13.9,0,87,117,74.4,1376,431,10,4.00,10,0,0,0,0,0,1,0.40,1,0,0,0,0,0,4,2,4,66.7,2,3,7,11,0
Descamps Rémy,26,GK,1,1,90,0,0,0,1,0,0,0,,,,,0,22,26,84.6,684,521,0,0.00,0,0,0,0,0,0,0,0.00,0,0,0,0,0,0,0,0,0,,0,0,0,0,0
Kader Bamba Abdoul,28,"FW,MF",4,1,78,0,0,0,0,1,1,1,100.0,0.00,0.00,19.3,0,36,44,81.8,485,148,3,3.46,2,1,0,0,0,0,0,0.00,0,0,0,0,0,0,0,0,0,0.0,3,0,0,1,0
Touré Birama,30,MF,38,38,"3,400",2,0,0,3,0,25,7,28.0,0.08,0.29,26.1,0,1236,1538,80.4,23867,7341,34,0.90,27,1,0,0,1,5,1,0.03,1,0,0,0,0,0,80,47,34,36.6,54,67,147,49,0
Jubal,28,DF,37,35,"3,217",3,1,1,7,0,18,5,27.8,0.11,0.40,11.6,0,1099,1345,81.7,24023,7984,19,0.53,13,3,0,2,1,0,2,0.06,1,0,0,0,1,0,41,26,19,50.0,57,53,94,193,0
Raveloson Rayan,25,"DF,MF",34,27,"2,431",2,1,0,0,0,29,5,17.2,0.07,0.40,19.5,3,917,1130,81.2,17031,6379,42,1.55,36,0,1,3,1,1,2,0.07,2,0,0,0,0,0,38,23,23,69.7,43,39,77,70,0
Mensah Gideon,24,DF,26,26,"2,262",0,0,0,5,0,5,1,20.0,0.00,0.00,25.3,0,1126,1457,77.3,19117,7266,50,1.99,42,4,0,1,1,2,0,0.00,0,0,0,0,0,0,80,44,44,57.1,33,38,118,41,0
Costa Nuno,31,"FW,MF",33,23,"2,003",5,4,0,5,1,39,14,35.9,0.13,0.36,15.7,0,261,381,68.5,4170,1230,52,2.34,35,0,7,4,5,1,5,0.22,4,0,1,0,0,0,45,23,11,23.9,21,20,65,15,0
Hein Gauthier,25,"MF,FW",35,23,"1,874",2,0,0,1,0,38,10,26.3,0.05,0.20,19.3,2,588,778,75.6,10358,2518,63,3.02,43,13,4,1,1,1,1,0.05,1,0,0,0,0,0,27,20,18,37.5,10,6,33,10,0
Jeanvier Julian,30,DF,22,20,"1,760",1,0,0,5,1,8,4,50.0,0.13,0.25,8.7,0,653,792,82.4,12993,4484,9,0.46,6,1,1,0,1,0,0,0.00,0,0,0,0,0,0,32,17,13,59.1,24,27,59,96,1
Costil Benoît,35,GK,19,19,"1,710",0,0,0,0,0,0,0,,,,,0,414,593,69.8,13801,10403,4,0.21,2,2,0,0,0,0,0,0.00,0,0,0,0,0,0,2,0,2,50.0,0,0,2,5,0
Zedadka Akim,27,DF,20,19,"1,599",0,0,0,5,0,9,0,0.0,0.00,,19.6,0,543,707,76.8,8466,2865,30,1.69,24,3,2,0,0,1,2,0.11,1,1,0,0,0,0,35,21,18,56.3,17,23,58,51,1
Sakhi Hamza,26,MF,27,18,"1,658",1,2,0,1,0,30,9,30.0,0.03,0.11,24.1,2,756,947,79.8,14936,4518,71,3.86,57,8,1,3,2,0,3,0.16,3,0,0,0,0,0,44,22,22,52.4,16,25,69,9,0
Touré Souleymane,19,DF,19,18,"1,588",1,0,0,5,1,8,2,25.0,0.13,0.50,7.9,0,681,782,87.1,12785,4114,17,0.96,15,0,1,1,0,0,0,0.00,0,0,0,0,0,0,29,13,16,80.0,32,26,55,56,1
Radu Ionuț,25,GK,17,17,"1,530",0,0,0,0,0,0,0,,,,,0,345,598,57.7,11491,9005,3,0.18,3,0,0,0,0,0,1,0.06,1,0,0,0,0,0,0,0,0,,0,0,0,3,2
Niang M'Baye,27,FW,30,17,"1,482",6,0,3,2,2,36,12,33.3,0.08,0.25,13.5,0,188,297,63.3,2848,688,22,1.34,14,0,0,5,3,0,3,0.18,1,0,0,1,1,0,13,7,3,23.1,22,1,14,20,0
Sinayoko Lassine,22,"MF,FW",33,16,"1,570",1,2,0,2,1,42,13,31.0,0.02,0.08,17.3,0,413,555,74.4,5950,1763,61,3.49,42,0,4,9,5,1,7,0.40,3,0,0,2,2,0,33,15,21,52.5,12,18,51,17,0
Autret Mathias,31,"MF,FW",23,16,"1,290",2,2,1,0,0,23,11,47.8,0.04,0.09,25.4,1,451,597,75.5,9287,2835,54,3.77,35,12,3,3,0,1,7,0.49,3,2,0,2,0,0,22,10,7,43.8,14,12,34,13,0
Perrin Gaëtan,26,"MF,FW",37,15,"1,391",3,1,1,1,0,26,9,34.6,0.08,0.22,21.2,0,315,434,72.6,5718,1802,58,3.75,34,7,12,2,2,1,3,0.19,2,1,0,0,0,0,17,8,8,26.7,15,10,27,9,0
Massengo Han-Noah,21,MF,14,13,"1,116",0,0,0,3,0,13,1,7.7,0.00,0.00,18.9,0,385,453,85.0,6593,1849,28,2.26,21,0,1,1,2,3,1,0.08,0,0,0,0,1,0,27,15,7,43.8,12,14,41,7,0
M'Changama Youssouf,31,MF,26,11,"1,081",0,0,0,1,0,18,2,11.1,0.00,0.00,30.3,7,384,489,78.5,6630,1857,29,2.42,19,5,0,0,5,0,2,0.17,1,0,0,0,1,0,22,11,7,53.8,6,15,37,6,1
Joly Paul,22,DF,10,10,867,0,0,0,2,0,7,0,0.0,0.00,,23.5,0,514,652,78.8,9641,3372,18,1.87,14,0,2,1,1,0,3,0.31,1,0,1,0,1,0,33,21,19,54.3,13,24,57,29,2
Abline Matthis,19,"FW,MF",19,8,806,2,1,1,1,0,24,8,33.3,0.04,0.13,20.6,0,69,105,65.7,1187,235,15,1.67,8,0,5,0,2,0,3,0.33,1,0,1,0,1,0,4,2,0,0.0,6,1,5,1,0
Bernard Quentin,33,DF,7,7,630,0,1,0,0,0,0,0,,,,,0,324,417,77.7,5848,2976,11,1.57,10,1,0,0,0,0,1,0.14,1,0,0,0,0,0,9,7,7,46.7,9,15,24,17,0
Coeff Alexandre,30,DF,7,6,586,0,1,0,0,0,1,0,0.0,0.00,,9.2,0,287,353,81.3,6143,2229,3,0.46,2,0,0,1,0,0,1,0.15,0,0,0,1,0,0,10,5,4,44.4,9,8,18,35,1
Dembélé Siriki,25,"MF,FW",12,4,372,0,0,0,1,0,5,2,40.0,0.00,0.00,21.4,0,78,97,80.4,1032,307,21,5.08,13,0,8,0,0,0,0,0.00,0,0,0,0,0,0,10,6,4,33.3,2,1,11,2,0
Charbonnier Gaëtan,33,"FW,MF",6,3,254,1,0,0,1,0,7,1,14.3,0.14,1.00,23.2,0,79,89,88.8,1359,298,9,3.19,8,0,0,0,1,0,0,0.00,0,0,0,0,0,0,2,1,0,0.0,2,0,2,5,0
Boto Kenji-Van,26,DF,2,2,180,0,0,0,0,0,3,0,0.0,0.00,,24.6,0,48,69,69.6,770,376,2,1.00,0,1,0,1,0,0,1,0.50,0,0,0,1,0,0,3,2,2,50.0,0,1,4,3,0
Leroy Benjamin,33,GK,32,32,"2,798",0,0,0,1,0,0,0,,,,,0,533,875,60.9,18415,15715,5,0.16,5,0,0,0,0,0,0,0.00,0,0,0,0,0,0,0,0,0,0.0,0,1,1,16,2
Idrissy Mounaim,23,FW,32,30,"2,497",6,0,0,10,0,50,19,38.0,0.12,0.32,14.6,0,413,622,66.4,5248,987,42,1.52,24,1,0,1,15,1,2,0.07,1,0,0,0,1,0,32,19,10,27.8,22,13,45,20,0
Gonzalez Oumar,24,DF,30,29,"2,578",0,0,0,10,0,11,3,27.3,0.00,0.00,11.1,0,899,1102,81.6,17387,4963,4,0.14,4,0,0,0,0,0,0,0.00,0,0,0,0,0,0,51,28,23,62.2,32,52,103,82,0
Marchetti Vincent,25,MF,31,29,"2,452",0,2,0,7,0,37,9,24.3,0.00,0.00,22.8,1,837,1057,79.2,14335,4323,52,1.91,43,0,2,4,3,0,9,0.33,8,0,0,0,1,0,55,26,25,36.8,23,19,74,31,0
Youssouf Mohamed,34,DF,30,27,"2,459",0,0,0,5,1,5,1,20.0,0.00,0.00,18.7,0,932,1279,72.9,14905,7094,32,1.17,26,1,2,1,2,0,0,0.00,0,0,0,0,0,0,72,44,38,62.3,32,65,137,70,0
Diallo Ismael,25,DF,28,25,"2,176",0,0,0,9,1,3,0,0.0,0.00,,17.5,0,804,1078,74.6,14552,5879,17,0.70,11,4,0,1,1,0,0,0.00,0,0,0,0,0,0,46,33,35,55.6,26,30,76,46,1
Bayala Cyrille,26,MF,33,25,"2,009",1,1,0,3,1,22,6,27.3,0.05,0.17,15.2,0,399,654,61.0,6041,2291,43,1.93,29,1,4,1,4,4,2,0.09,1,0,0,0,0,1,53,37,23,48.9,20,25,78,21,0
Coutadeur Mathieu,36,MF,27,22,"1,947",0,0,0,2,0,4,0,0.0,0.00,,29.1,0,1006,1197,84.0,16929,4490,26,1.20,24,1,1,0,0,0,1,0.05,1,0,0,0,0,0,23,13,8,28.6,19,19,42,21,0
Vidal Clément,22,"DF,MF",26,21,"1,901",1,0,0,5,1,12,2,16.7,0.08,0.50,10.8,0,604,785,76.9,12836,5788,6,0.28,5,0,0,1,0,0,0,0.00,0,0,0,0,0,0,25,15,18,47.4,27,27,52,73,1
Avinel Cédric,35,DF,24,19,"1,794",1,0,0,2,1,3,1,33.3,0.33,1.00,4.1,0,607,714,85.0,12003,4107,3,0.15,1,1,0,1,0,0,1,0.05,0,0,0,1,0,0,13,7,8,66.7,20,15,28,91,1
Nouri Riad,37,"MF,FW",33,16,"1,693",1,1,0,3,0,16,4,25.0,0.06,0.25,16.4,0,425,627,67.8,6625,2227,40,2.13,22,11,0,5,2,0,1,0.05,1,0,0,0,0,0,21,12,12,41.4,8,15,36,11,0
Barreto Mickaël,31,MF,20,15,"1,325",1,1,0,1,0,19,4,21.1,0.05,0.25,26.6,3,481,695,69.2,9089,3373,30,2.04,22,7,0,0,0,1,1,0.07,1,0,0,0,0,0,32,20,8,17.8,17,18,50,11,0
Belaïli Youcef,30,"MF,FW",17,15,"1,150",6,3,5,2,0,27,9,33.3,0.04,0.11,24.8,4,328,458,71.6,5637,2159,47,3.68,24,9,4,4,6,0,10,0.78,5,0,2,1,2,0,18,10,8,40.0,10,5,23,4,0
Alphonse Mickaël,33,DF,26,14,"1,361",0,0,0,2,1,10,2,20.0,0.00,0.00,16.3,0,448,686,65.3,7834,3413,19,1.25,15,1,1,1,0,1,0,0.00,0,0,0,0,0,0,35,23,20,60.6,17,35,70,44,1
Mangani Thomas,35,MF,26,14,"1,332",1,1,1,4,1,9,0,0.0,0.00,,27.1,2,634,910,69.7,12908,4783,42,2.84,16,24,0,1,1,0,1,0.07,1,0,0,0,0,0,32,17,18,38.3,22,24,56,22,1
Hamouma Romain,35,"FW,MF",19,14,"1,079",2,2,0,5,2,16,6,37.5,0.13,0.33,15.3,1,263,364,72.3,3933,1204,35,2.92,20,6,2,3,4,0,6,0.50,4,0,0,1,1,0,8,3,3,50.0,8,2,10,2,0
Spadanuda Kevin,25,"MF,FW",22,13,"1,063",0,1,0,3,0,7,1,14.3,0.00,0.00,14.2,0,212,264,80.3,3060,542,14,1.18,10,0,0,2,1,1,1,0.08,0,0,0,0,0,1,29,18,12,36.4,18,11,40,5,0
Koné Youssouf,27,DF,13,12,916,0,0,0,4,0,1,1,100.0,0.00,0.00,27.6,0,322,426,75.6,5724,2090,6,0.59,4,0,0,1,0,1,0,0.00,0,0,0,0,0,0,28,19,18,72.0,9,12,40,32,1
Mayembo Fernand,26,DF,11,8,707,0,0,0,1,0,4,0,0.0,0.00,,6.2,0,275,320,85.9,5471,1472,4,0.51,2,0,0,0,1,1,0,0.00,0,0,0,0,0,0,8,5,4,44.4,2,11,19,36,0
Moussiti-Oko Bevic,27,FW,17,7,698,1,0,0,1,0,20,7,35.0,0.05,0.14,12.6,0,90,163,55.2,1205,235,18,2.32,9,0,2,3,4,0,0,0.00,0,0,0,0,0,0,3,1,1,50.0,5,2,5,8,0
Sollacaro François-Joseph,28,GK,6,6,540,0,0,0,1,0,0,0,,,,,0,68,142,47.9,2073,1580,0,0.00,0,0,0,0,0,0,0,0.00,0,0,0,0,0,0,0,0,0,,0,0,0,2,2
Soumano Moussa,17,FW,14,5,495,1,0,0,3,0,6,2,33.3,0.17,0.50,17.5,0,43,67,64.2,514,74,10,1.82,7,0,2,0,1,0,1,0.18,0,0,1,0,0,0,2,2,0,0.0,2,0,2,0,0
Touzghar Yoann,35,FW,11,5,447,0,0,0,0,1,3,0,0.0,0.00,,11.1,0,80,112,71.4,968,196,2,0.40,1,0,0,0,1,0,0,0.00,0,0,0,0,0,0,3,2,0,0.0,0,0,3,1,0
Chabrolle Florian,24,MF,7,3,329,0,0,0,1,0,2,1,50.0,0.00,0.00,26.6,0,120,138,87.0,1822,345,1,0.27,1,0,0,0,0,0,0,0.00,0,0,0,0,0,0,6,4,2,50.0,3,7,13,2,0
Cimignani Yanis,20,"MF,DF",8,3,279,0,0,0,0,0,6,2,33.3,0.00,0.00,24.6,0,75,113,66.4,1245,267,8,2.58,8,0,0,0,0,0,0,0.00,0,0,0,0,0,0,11,5,4,80.0,5,2,13,2,0
Palmer-Brown Erik,25,DF,38,36,"3,191",0,0,0,5,0,12,2,16.7,0.00,0.00,11.7,0,1212,1435,84.5,22021,9290,21,0.59,17,1,0,1,0,2,3,0.08,3,0,0,0,0,0,42,27,18,54.5,56,26,68,166,1
Kouamé Rominigue,25,MF,32,31,"2,661",1,1,0,9,0,24,5,20.8,0.04,0.20,20.3,0,1244,1403,88.7,22131,5532,66,2.23,58,0,5,2,1,0,7,0.24,6,0,1,0,0,0,44,27,17,41.5,32,49,93,46,1
Salmier Yoann,29,DF,32,31,"2,646",1,0,0,5,1,14,3,21.4,0.07,0.33,16.6,0,1198,1456,82.3,21721,8653,22,0.75,18,0,0,2,1,1,5,0.17,4,0,0,0,1,0,51,29,21,60.0,34,39,90,124,0
Gallon Gauthier,29,GK,30,30,"2,667",0,0,0,3,1,0,0,,,,,0,633,951,66.6,16827,12352,2,0.07,1,1,0,0,0,0,0,0.00,0,0,0,0,0,0,2,2,2,50.0,0,2,4,17,0
Samba Baldé Mama,26,FW,34,30,"2,665",12,3,2,6,2,73,24,32.9,0.14,0.42,17.1,0,389,584,66.6,6054,1298,64,2.16,35,0,12,7,8,2,9,0.30,3,0,3,1,2,0,46,21,13,46.4,30,10,56,13,0
Lopes Rony,26,"MF,FW",32,29,"2,346",7,5,0,2,0,57,20,35.1,0.12,0.35,19.3,5,603,872,69.2,10507,3108,94,3.61,47,27,8,10,2,0,8,0.31,4,2,0,2,0,0,24,12,7,22.6,14,9,33,10,0
Chavalerin Xavier,31,MF,34,25,"2,426",4,2,0,3,0,27,11,40.7,0.15,0.36,21.5,0,875,1068,81.9,14453,4866,41,1.52,31,4,2,2,0,2,3,0.11,2,0,0,1,0,0,82,50,27,38.0,31,41,123,24,0
Balde Thierno,20,"DF,MF",31,25,"2,153",0,1,0,1,0,7,1,14.3,0.00,0.00,17.4,0,763,931,82.0,11688,3640,45,1.88,35,2,3,1,4,0,4,0.17,2,0,1,0,1,0,27,14,18,60.0,15,23,50,39,0
Larouci Yasser,21,"DF,MF",30,21,"1,797",1,1,0,1,0,10,4,40.0,0.10,0.25,20.6,0,621,824,75.4,9416,3449,35,1.75,23,1,3,2,5,1,1,0.05,1,0,0,0,0,0,23,13,15,62.5,15,26,49,46,0
Odobert Wilson,17,"MF,FW",32,19,"1,764",4,2,0,0,0,27,14,51.9,0.15,0.29,18.0,0,408,538,75.8,6175,1444,62,3.16,46,4,6,2,1,3,8,0.41,6,0,0,2,0,0,20,14,9,36.0,11,15,35,5,0
Bruus Andreas,23,"DF,FW",27,18,"1,628",0,2,0,2,0,11,3,27.3,0.00,0.00,19.7,1,445,637,69.9,7410,2626,32,1.77,26,2,3,0,0,1,2,0.11,2,0,0,0,0,0,12,6,8,40.0,13,17,29,24,0
Rami Adil,36,DF,20,18,"1,596",0,1,0,2,0,9,3,33.3,0.00,0.00,26.0,0,615,731,84.1,12742,5477,9,0.51,7,0,0,1,0,1,1,0.06,1,0,0,0,0,0,19,14,17,53.1,23,25,44,75,3
Porozo Jackson,21,DF,22,17,"1,617",2,0,0,3,0,22,9,40.9,0.09,0.22,12.7,0,512,629,81.4,9099,2992,9,0.50,8,0,0,1,0,0,0,0.00,0,0,0,0,0,0,32,20,13,41.9,24,33,65,75,0
Ripart Renaud,29,"FW,MF",26,15,"1,320",4,1,0,4,0,39,14,35.9,0.10,0.29,16.0,0,317,468,67.7,4449,1022,40,2.73,29,0,2,5,4,0,7,0.48,2,0,1,2,2,0,40,23,19,36.5,29,7,47,5,0
Conté Abdu,24,DF,19,15,"1,315",1,2,0,0,0,4,2,50.0,0.25,0.50,15.3,0,591,754,78.4,10401,3886,24,1.64,20,2,0,0,2,0,2,0.14,2,0,0,0,0,0,25,17,12,54.5,13,6,31,25,0
Agoume Lucien,20,MF,15,14,"1,094",0,1,0,5,0,9,3,33.3,0.00,0.00,15.6,0,619,744,83.2,10977,3466,27,2.22,23,3,0,1,0,0,1,0.08,1,0,0,0,0,0,42,25,17,51.5,14,27,69,24,0
Tardieu Florian,30,MF,15,11,"1,009",3,0,3,2,0,10,2,20.0,0.00,0.00,29.8,1,655,755,86.8,11723,4194,45,4.01,35,9,0,1,0,0,4,0.36,3,1,0,0,0,0,31,20,12,38.7,19,23,54,15,0
Ugbo Ike,23,"FW,MF",25,9,895,2,1,0,0,0,15,5,33.3,0.13,0.40,16.2,1,96,137,70.1,1188,156,11,1.10,8,0,1,0,2,0,1,0.10,1,0,0,0,0,0,5,2,3,27.3,8,2,7,4,0
Lis Mateusz,25,GK,9,8,751,0,0,0,1,0,0,0,,,,,0,213,314,67.8,5648,4318,0,0.00,0,0,0,0,0,0,0,0.00,0,0,0,0,0,0,0,0,0,0.0,1,0,0,3,0
Ndiaga Yade Papa,22,"DF,MF",14,6,568,0,2,0,1,1,10,3,30.0,0.00,0.00,20.3,0,250,347,72.0,3664,1248,20,3.16,16,0,1,1,2,0,3,0.47,3,0,0,0,0,0,10,6,7,31.8,10,8,18,10,0
Zoukrou Tanguy,19,DF,8,5,511,0,0,0,0,0,0,0,,,,,0,191,221,86.4,3192,1172,3,0.53,3,0,0,0,0,0,0,0.00,0,0,0,0,0,0,14,7,10,71.4,18,2,16,24,0
Reine-Adélaïde Jeff,24,MF,6,3,233,0,1,0,0,0,4,0,0.0,0.00,,22.3,0,106,128,82.8,1746,440,6,2.32,6,0,0,0,0,0,1,0.39,1,0,0,0,0,0,3,2,1,50.0,2,2,5,1,0
Dong Kyliane,17,"MF,FW",6,2,213,0,0,0,0,0,2,0,0.0,0.00,,20.7,0,35,53,66.0,601,109,5,2.11,2,1,0,1,1,0,2,0.85,1,0,0,0,1,0,3,1,1,50.0,1,1,4,0,0
Dingomé Tristan,31,MF,8,0,99,0,0,0,0,0,3,1,33.3,0.00,0.00,21.7,0,55,78,70.5,840,252,8,7.35,6,1,1,0,0,0,0,0.00,0,0,0,0,0,0,1,1,0,0.0,0,0,1,0,0
Tibidi Alexis,18,"FW,MF",3,0,74,0,0,0,0,0,0,0,,,,,0,19,23,82.6,271,4,3,3.65,2,0,0,0,1,0,0,0.00,0,0,0,0,0,0,1,1,0,,0,0,1,0,0
Hountondji Cédric,28,DF,36,35,"3,095",0,0,0,7,0,11,4,36.4,0.00,0.00,8.9,0,1251,1446,86.5,24457,8657,13,0.38,12,0,0,1,0,0,2,0.06,1,0,0,1,0,0,50,36,19,65.5,44,59,109,132,1
Mendy Batista,22,"MF,DF",35,35,"2,859",0,0,0,8,1,15,2,13.3,0.00,0.00,24.0,0,1234,1432,86.2,22322,7144,40,1.26,36,0,3,1,0,0,0,0.00,0,0,0,0,0,0,70,30,37,69.8,38,21,91,29,2
Valery Yan,23,DF,30,30,"2,497",0,0,0,3,0,13,2,15.4,0.00,0.00,21.0,0,950,1292,73.5,16786,6797,37,1.33,25,2,5,2,3,0,1,0.04,1,0,0,0,0,0,54,39,20,54.1,35,34,88,82,0
Bentaleb Nabil,27,MF,30,29,"2,489",4,4,2,7,1,39,13,33.3,0.05,0.15,27.5,8,1512,1853,81.6,29115,9442,72,2.61,42,18,6,1,3,2,8,0.29,6,2,0,0,0,0,74,40,36,59.0,33,44,118,29,3
Hunou Adrien,28,"MF,FW",34,28,"2,234",4,1,0,2,0,45,18,40.0,0.09,0.22,13.2,0,572,753,76.0,8441,2005,48,1.94,36,1,1,3,7,0,6,0.24,3,0,0,1,2,0,39,20,16,35.6,35,7,46,7,0
Bernardoni Paul,25,GK,27,27,"2,430",0,0,0,0,0,0,0,,,,,0,438,667,65.7,12371,9125,1,0.04,1,0,0,0,0,0,0,0.00,0,0,0,0,0,0,2,0,2,66.7,1,1,3,12,1
Abdelli Himad,22,"MF,FW",30,24,"2,137",2,2,0,3,0,24,7,29.2,0.08,0.29,22.4,2,1043,1257,83.0,18273,4649,69,2.91,59,4,3,1,0,2,3,0.13,3,0,0,0,0,0,64,38,31,46.3,30,28,92,15,0
Blažič Miha,29,DF,24,22,"1,979",2,0,0,4,0,8,4,50.0,0.25,0.50,10.0,1,1034,1182,87.5,21289,7678,5,0.23,5,0,0,0,0,0,1,0.05,1,0,0,0,0,0,8,6,7,46.7,25,22,30,80,1
Doumbia Souleyman,25,"DF,FW",24,21,"1,790",0,0,0,2,1,7,2,28.6,0.00,0.00,16.0,0,762,952,80.0,11455,3777,32,1.61,25,0,3,0,3,1,0,0.00,0,0,0,0,0,0,45,31,17,54.8,20,27,72,27,1
Sima Abdallah,21,FW,34,19,"1,836",5,1,0,0,0,39,10,25.6,0.13,0.50,12.7,0,274,374,73.3,3603,688,34,1.67,24,0,1,4,5,0,7,0.34,2,0,1,1,3,0,22,13,7,36.8,8,4,26,19,0
Capelle Pierrick,35,"MF,DF",26,15,"1,428",0,3,0,8,0,16,7,43.8,0.00,0.00,17.6,0,590,714,82.6,10044,2766,33,2.08,22,8,1,2,0,0,5,0.32,3,1,1,0,0,0,36,21,22,40.0,24,15,51,24,0
Niane Ibrahima,23,FW,16,15,"1,136",2,0,0,4,0,26,11,42.3,0.08,0.18,13.7,0,175,232,75.4,2553,471,20,1.58,12,1,1,0,6,0,3,0.24,2,1,0,0,0,0,6,2,1,16.7,8,1,7,9,0
Ounahi Azzedine,22,"MF,FW",15,13,"1,129",0,0,0,1,0,23,6,26.1,0.00,0.00,19.8,1,542,630,86.0,8826,2723,43,3.42,34,1,4,3,1,0,3,0.24,2,0,0,1,0,0,19,8,10,50.0,8,15,34,4,1
Bamba Abdoulaye,32,DF,21,12,"1,364",0,0,0,2,0,0,0,,,,,0,619,721,85.9,10973,3954,8,0.53,7,0,0,0,0,1,0,0.00,0,0,0,0,0,0,22,12,16,84.2,7,18,40,38,0
Salama Amine,22,"FW,MF",25,12,"1,249",3,1,0,1,0,25,11,44.0,0.12,0.27,15.2,1,236,321,73.5,3246,780,27,1.94,18,0,4,3,2,0,1,0.07,1,0,0,0,0,0,11,9,2,16.7,8,10,21,2,0
Thioub Sada,27,"DF,FW",27,11,"1,060",1,2,0,3,0,9,1,11.1,0.11,1.00,14.0,0,427,533,80.1,6580,2287,37,3.14,27,4,4,1,0,1,4,0.34,4,0,0,0,0,0,19,10,8,47.1,13,7,26,5,1
Fofana Yahia,21,GK,11,11,990,0,0,0,2,0,0,0,,,,,0,227,325,69.8,6001,4360,2,0.18,2,0,0,0,0,0,1,0.09,1,0,0,0,0,0,0,0,0,,0,1,1,4,1
Boufal Sofiane,28,"FW,MF",13,9,834,4,3,2,3,1,21,9,42.9,0.10,0.22,20.8,4,370,487,76.0,5643,1574,52,5.61,38,3,4,1,6,0,6,0.65,3,1,0,0,2,0,14,9,3,21.4,6,5,19,1,0
Melali Farid,25,"DF,FW",17,9,806,0,0,0,1,0,11,2,18.2,0.00,0.00,18.8,0,196,282,69.5,3348,952,12,1.34,7,1,2,0,2,0,1,0.11,1,0,0,0,0,0,21,12,11,50.0,16,8,29,7,0
Šabanović Halid,22,DF,15,8,638,2,0,0,1,1,5,3,60.0,0.40,0.67,17.1,0,228,280,81.4,3332,1097,3,0.42,2,1,0,0,0,0,0,0.00,0,0,0,0,0,0,8,6,6,75.0,8,8,16,12,0
Kalumba Justin-Noël,17,DF,7,7,546,0,0,0,0,0,2,0,0.0,0.00,,24.4,0,131,164,79.9,1867,498,8,1.32,3,0,0,1,4,0,0,0.00,0,0,0,0,0,0,9,5,5,31.3,4,4,13,5,0
Camara Ousmane,19,DF,9,6,521,0,0,0,2,0,1,1,100.0,0.00,0.00,6.5,0,330,363,90.9,6431,2134,1,0.17,1,0,0,0,0,0,0,0.00,0,0,0,0,0,0,10,6,5,41.7,4,11,21,15,0
Ghoulam Faouzi,31,DF,7,6,479,0,0,0,0,0,1,0,0.0,0.00,,24.4,0,233,329,70.8,4360,1945,17,3.20,6,10,0,0,1,0,1,0.19,1,0,0,0,0,0,3,3,3,60.0,4,4,7,12,1
Diony Lois,29,FW,11,5,506,1,0,0,1,0,12,3,25.0,0.08,0.33,14.5,0,109,142,76.8,1202,221,11,1.96,7,0,2,1,1,0,0,0.00,0,0,0,0,0,0,1,0,1,33.3,2,0,1,1,0
Amadou Ibrahim,29,"DF,MF",7,4,424,0,0,0,2,0,2,0,0.0,0.00,,24.4,0,161,190,84.7,3021,1234,3,0.64,3,0,0,0,0,0,0,0.00,0,0,0,0,0,0,10,7,7,63.6,7,10,20,20,0
